year	name
1994	ALIWEB
1994	Amazon (company)
1994	Automatic Complaint-Letter Generator
1994	BBC Online
1994	Border Gateway Protocol
1994	CDNow
1994	CNET
1994	Cashiers du Cinemart
1994	Cool Site of the Day
1994	DALnet
1994	Dickinson Electronic Archives
1994	EWorld
1994	Elsevier Biobase
1994	Examiner.com
1994	Flyaow
1994	FogCam
1994	GeoCities
1994	Global Electronic Music Marketplace
1994	GoAntiques
1994	HTTPS
1994	Handle System
1994	Hob Nob Anyone?
1994	Horseland
1994	HotWired
1994	Inducks
1994	Infoseek
1994	Internet in China
1994	Lambiek
1994	Lib.ru
1994	Libero (web portal)
1994	Lin Hsin Hsin Art Museum
1994	Lycos
1994	Nausicaa.net
1994	NetMarket
1994	Online Writing Lab
1994	PLBY Group
1994	Pathfinder (website)
1994	Phone Losers of America
1994	Playboy.co.uk
1994	PowWow (chat program)
1994	Pseudo.com
1994	Purple.com
1994	RSSSF
1994	Register.com
1994	SFGate
1994	Sex.com
1994	Snopes
1994	Subkulture
1994	Sweetwater Sound
1994	TalkOrigins Archive
1994	The Nine Planets
1994	The Register
1994	The Simpsons Archive
1994	The Useless Pages
1994	The World's First Collaborative Sentence
1994	Virtual Library museums pages
1994	WAHM (magazine)
1994	WebCrawler
1994	WebMuseum
1994	Webring
1994	Whitehouse.gov
1994	WinFiles
1994	World Wide Web Worm
1994	Yahoo
1994	Yahoo! Inc. (1995–2017)
1994	ZoneZero
1995	8-Track Heaven
1995	Academy of Canadian Cinema & Television
1995	Adrenaline Vault
1995	All About Jazz
1995	Alt attribute
1995	AltaVista
1995	Angi
1995	Angi Inc.
1995	Animal Diversity Web
1995	Anime Web Turnpike
1995	Antiwar.com
1995	AsiaOne
1995	Astronomy Picture of the Day
1995	AutoWeb
1995	Boing Boing
1995	Boston.com
1995	BoyChat
1995	Broadcast.com
1995	CareerBuilder
1995	CharityVillage.com
1995	Classmates.com
1995	Comic Book Resources
1995	Corona's Coming Attractions
1995	Covers.com
1995	Craigslist
1995	Crime Scene (website)
1995	Cruise Critic
1995	Cyber Cemetery
1995	Cyberian Outpost
1995	Cyclingnews.com
1995	DataLounge
1995	DermNet
1995	Dictionary.com
1995	Disney Interactive
1995	Dogpile
1995	Drudge Report
1995	EBay
1995	ESPN FC
1995	ESPN.com
1995	Edmunds (company)
1995	Encyclopedia Mythica
1995	Epicurious
1995	Europa (web portal)
1995	Excite (web portal)
1995	FantasyGuru.com
1995	Find a Grave
1995	FindLaw
1995	Firefly (website)
1995	Folk Den
1995	Free Internet Chess Server
1995	Freenode
1995	GameFAQs
1995	Gazetteer for Scotland
1995	Getty Images
1995	Hell.com
1995	Hollywood.com
1995	Hong Kong Movie Database
1995	IETF language tag
1995	IVillage
1995	Impress Watch
1995	Interactive Investor
1995	Internet Adult Film Database
1995	Internet Chess Club
1995	Internet Encyclopedia of Philosophy
1995	Internet Explorer
1995	Internet Explorer 1
1995	Internet Protocol television
1995	Internet Public Library
1995	Internet Speculative Fiction Database
1995	Internet in India
1995	Inverse Symbolic Calculator
1995	Iranian.com
1995	JRI-Poland
1995	Laughing Squid
1995	Library and Archival Exhibitions on the Web
1995	LinkedIn Learning
1995	Livedoor
1995	Loser.com
1995	MSN
1995	MSN Dial-Up Internet Access
1995	MSN Groups
1995	Mail.com
1995	MapmyIndia
1995	Match.com
1995	Medscape
1995	Mercury Center Web
1995	Mirsky's Worst of the Web
1995	MovieWeb
1995	Music Boulevard
1995	NameBase
1995	Nettime
1995	Newgrounds
1995	Nick.com
1995	Online Gaming Review
1995	Ontario Consultants on Religious Tolerance
1995	Opera (web browser)
1995	Outpost Gallifrey
1995	PTT Bulletin Board System
1995	Pitchfork (website)
1995	PlanetOut
1995	Project Muse
1995	Rapture Ready
1995	Realtor.com
1995	RxList
1995	SAPO (company)
1995	SWI swissinfo
1995	Salon.com
1995	SamoaNIC
1995	ScienceDaily
1995	SegaSoft
1995	Shetland News
1995	SpinnWebe
1995	Stanford Encyclopedia of Philosophy
1995	Starbright World
1995	Stormfront (website)
1995	Suck.com
1995	TechNet (computer network)
1995	TechnoSphere (virtual environment)
1995	Telegarden
1995	The Globe and Mail
1995	The LiederNet Archive
1995	The Mud Connector
1995	The Spot
1995	The Unofficial Elder Scrolls Pages
1995	The Virtual Museum of Computing
1995	TheGlobe.com
1995	Townhall
1995	Transformation Story Archive
1995	Tripod (web hosting)
1995	Vatican.va
1995	Venere.com
1995	VersionTracker
1995	Viaweb
1995	Vrbo
1995	Waiter.com
1995	Walla! Communications
1995	Wargamer (website)
1995	Weather Underground (weather service)
1995	Webex
1995	Webshots
1995	WikiWikiWeb
1995	Wireplay
1995	Wirtualna Polska
1995	Worlds.com
1995	YachtWorld
1995	Yahoo Search
1995	Zaman (newspaper)
1995	Zug (website)
1995	České filmové nebe
1996	@Home Network
1996	ABA Journal Online
1996	AR15.com
1996	AbeBooks
1996	ActuaBD
1996	Adland
1996	Adult FriendFinder
1996	Ain't It Cool News
1996	Alexa Internet
1996	Alt.culture
1996	Amazon Standard Identification Number
1996	Ancestry.com
1996	Angelfire
1996	Animation World Network
1996	Ask Jeeves
1996	Ask.com
1996	Assistive Media
1996	Avsim.com
1996	Backcountry.com
1996	Bahamut Gamer's Community
1996	BoatTrader.com
1996	Bolt (website)
1996	Booking Holdings
1996	Brainwashed (website)
1996	Brasil Online
1996	Britské listy
1996	BusinessesForSale.com
1996	CD Universe
1996	CNET Download
1996	CSS
1996	Canoe.com
1996	Career Edge Organization
1996	Casebook: Jack the Ripper
1996	Cheapflights
1996	CheatCodes.com
1996	ChessCafe.com
1996	ClutchFans
1996	ComicBook.com
1996	Cryptome
1996	CustomMade
1996	Cyndi's List
1996	DLsite
1996	De Imperatoribus Romanis
1996	Desperate Preacher's Site
1996	Doctor Who Online
1996	Documenting the American South
1996	Drive.com.au
1996	EarthCam
1996	Electronic Data Gathering, Analysis, and Retrieval
1996	Elfwood
1996	Emporis
1996	Encyclopedia Titanica
1996	Expedia
1996	Expedia Group
1996	Experts Exchange
1996	Famous Birthdays
1996	Filmsite
1996	Filmtracks
1996	Fireball (search engine)
1996	Flightsim.com
1996	Flirt4Free
1996	Florida Memory
1996	Friend Finder Networks
1996	GameSpot
1996	GameSpy
1996	GameTZ.com
1996	Geek.com
1996	Geizhals
1996	Geneanet
1996	Global Anabaptist Mennonite Encyclopedia Online
1996	GlobalSpec
1996	Gob.cl
1996	Gostosa Home Page
1996	Great Internet Mersenne Prime Search
1996	Gurl.com
1996	H-Soz-Kult
1996	Handheld Device Markup Language
1996	Heartless Bitches International
1996	Hi-Living
1996	HockeyDB
1996	HotBot
1996	IGN
1996	IPv6
1996	IRCnet
1996	Improvised Music from Japan
1996	IndiaMART
1996	InfoSpace
1996	International Documentation of Electroacoustic Music
1996	Internet 1996 World Exposition
1996	Internet Archive
1996	Internet Explorer for Mac
1996	J-List
1996	Jayski's Silly Season Site
1996	JuniorNet
1996	Juno Online Services
1996	KidsReads
1996	LendingTree
1996	MSN TV
1996	MapQuest
1996	Maremagnum
1996	Marvel CyberComics
1996	Matchmaker.com
1996	MedicineNet
1996	Metal.de
1996	Metromix
1996	Mod Archive
1996	Molecule of the Month
1996	Moviemistakes.com
1996	Mplayer.com
1996	NBCNews.com
1996	Network-i
1996	Nifty Corporation
1996	On-Line Encyclopedia of Integer Sequences
1996	Online Cenotaph
1996	OpenNet (website)
1996	Operabase
1996	Operation Clambake
1996	Outlook.com
1996	Pantip.com
1996	Peacefire
1996	Peapod
1996	PetMed Express
1996	Postmodernism Generator
1996	Professional Pilots Rumour Network
1996	PubMed
1996	Punkrock.net
1996	Quackwatch
1996	RPGnet
1996	RTÉ.ie
1996	Radio4all.net
1996	Rambler (portal)
1996	Realestate.co.nz
1996	Rediff.com
1996	Reel Top 40 Radio Repository
1996	ReliefWeb
1996	Rentboy.com
1996	RocketMail
1996	Roller Coaster DataBase
1996	SOHH
1996	Scene.org
1996	Search Engine Watch
1996	Sequart Organization
1996	Server.com
1996	Seznam.cz
1996	Shacknews
1996	Shoes.com (defunct company)
1996	SikhNet
1996	Social Psychology Network
1996	Society for Preventing Parents from Naming Their Children Jennifer
1996	Sohu
1996	SpryNet
1996	Stamps.com
1996	Starmedia
1996	Suite101
1996	Sysinternals
1996	TF1+
1996	THEM Anime Reviews
1996	Teknoscape
1996	The Black Vault
1996	The Black World Today
1996	The D-Word
1996	The Onion
1996	The Political Graveyard
1996	TheForce.Net
1996	TheStreet
1996	TradeIndia
1996	Travelocity
1996	TrueType core fonts for the Web
1996	UK Resistance
1996	UKGameshows.com
1996	USAJobs
1996	UbuWeb
1996	Universo Online
1996	VGMusic.com
1996	Virgilio.it
1996	Wayback Machine
1996	Web Gallery of Art
1996	Web archiving
1996	WebMD
1996	Webvan
1996	WhatsOnStage.com
1996	Wilkes University Election Statistics Project
1996	Womensforum
1996	World Wide Words
1996	Xoom (web hosting)
1996	Yahoo HotJobs
1996	Yahoo Japan
1996	Yahoo Kids
1996	Yahoo News
1996	Yellowpages.com
1997	888casino
1997	A List Apart
1997	Acronym Finder
1997	Adversity.net
1997	Airliners.net
1997	All That Is Heavy
1997	Allrecipes
1997	Amina – Chechen Republic Online
1997	Ask a Biologist
1997	Audible (service)
1997	Autotrader.com
1997	BBC News Online
1997	Bed Bath & Beyond (2023–present)
1997	Bert is Evil
1997	Bharat Rakshak
1997	Bluelight (web forum)
1997	BookFinder.com
1997	Books4cars
1997	Buena Vista Internet Group
1997	CAR Group
1997	CheapTickets
1997	Chowhound
1997	Chowk.com
1997	Collegeinsider.com
1997	Cool Math Games
1997	CyberPowWow
1997	CyberThrill
1997	DVDEmpire.com
1997	Daft.ie
1997	Dark Horizons
1997	Dbna
1997	DealNews
1997	Digital Camera Resource Page
1997	Dunkindonuts.org
1997	EHealthInsurance
1997	EToys.com
1997	El Sitio (website)
1997	Elijah List
1997	EmailSanta.com
1997	Eng-Tips Forums
1997	Entertainment.ie
1997	Eurobasket.com
1997	Fibertel
1997	Film Threat
1997	Football365
1997	FortuneCity
1997	Free Republic
1997	GO Voyages
1997	Game Developer (website)
1997	GayNZ.com
1997	GenomeWeb
1997	GoDaddy
1997	Goo (search engine)
1997	GoodNewsNetwork
1997	Google Search
1997	Guinéenews
1997	Hattrick (video game)
1997	Headsets.com
1997	Hetzner
1997	Himalayan Art Resources
1997	HomeGrocer
1997	IFilm
1997	In Music We Trust
1997	Infinity Plus
1997	Insex
1997	Interment.net
1997	International Lyrics Server
1997	IslamOnline
1997	IslamQA.info
1997	JDate
1997	Jabberwacky
1997	Japanese Movie Database
1997	Jeuxvideo.com
1997	Just Adventure
1997	Kakaku.com
1997	Kink.com
1997	LacusCurtius
1997	Live Audio Wrestling
1997	MP3.com
1997	MarketWatch
1997	Mathematicians of the African Diaspora
1997	Mathematics Genealogy Project
1997	Matrimony.com
1997	MovieLens
1997	MuseWeb
1997	Museum of Hoaxes
1997	NORAD Tracks Santa
1997	Naukri.com
1997	NetJet
1997	News.ABS-CBN.com
1997	Nine.com.au
1997	Nytheatre.com
1997	OSNews
1997	Palestinian Information Center
1997	Patient UK
1997	Peakbagger.com
1997	People Inc.
1997	People's Daily Online
1997	Piled Higher and Deeper
1997	PostPet
1997	Project Rastko
1997	Quepasa
1997	RagingBull.com
1997	Rakuten
1997	Rakuten.com
1997	Reference.com
1997	Release Magazine
1997	Rithum
1997	RotoWire
1997	Rotten.com
1997	SK Gaming
1997	ScienceDirect
1997	Shaadi.com
1997	Sherdog
1997	ShowBIZ Data
1997	Sidewalk.com
1997	SixDegrees.com
1997	Slashdot
1997	Softonic
1997	SoundClick
1997	Sounddogs
1997	Soundtrack.Net
1997	Stinkers Bad Movie Awards
1997	Superbad (website)
1997	TOTSE
1997	TV Cream
1997	TamilNet
1997	TechRepublic
1997	Techdirt
1997	Telugucinema.com
1997	Terraserver.com
1997	The Best Page in the Universe
1997	The Big Cartoon DataBase
1997	The Futon Critic
1997	The Hive (website)
1997	The International House of Mojo
1997	The Numbers (website)
1997	The Smoking Gun
1997	The Virtual Wall
1997	The Wire (magazine)
1997	The Witches' Voice
1997	They Go On
1997	Time Cube
1997	Tradus
1997	Turnitin
1997	UBid
1997	UGO Networks
1997	Uchronia: The Alternate History List
1997	Underneath.com
1997	Untied.com
1997	VietNamNet
1997	WarCry Network
1997	Web.com (1995–2007)
1997	Whitepages (company)
1997	Wordplay (website)
1997	World Chess Network
1997	WorldNetDaily
1997	XNXX
1997	Xinhuanet
1997	Yahoo Australia
1997	Yahoo Finance
1997	Yahoo Mail
1997	Yahoo Sports
1997	Yandex
1998	AALBC.com
1998	African Journals OnLine
1998	Airlock Alpha
1998	AllHipHop
1998	AllMovie
1998	AlphaGalileo
1998	AlterNet
1998	Anime News Network
1998	AnimeClick.it
1998	Ars Technica
1998	Arts & Letters Daily
1998	Atari Age
1998	AtariAge
1998	Atom.com
1998	AtomicPark.com
1998	Auction (website)
1998	Auctiva
1998	BBC Bitesize
1998	Bare Necessities (company)
1998	BarrysWorld
1998	Beenz.com
1998	Bollywood Hungama
1998	Box Office Mojo
1998	Brainbench
1998	Break Media
1998	Break.com
1998	BrettspielWelt
1998	Canadian Internet Registration Authority
1998	Care2
1998	Cars.com
1998	CarsDirect
1998	CartoonNetwork.com
1998	Cdiscount
1998	Checkatrade
1998	ChickClick
1998	Choral Public Domain Library
1998	ChristianRock.Net
1998	Cockeyed.com
1998	Crime Library
1998	CyberAgent
1998	CyberRebate
1998	Cybersocket, Inc.
1998	DMOZ
1998	Detik.com
1998	Digital Photography Review
1998	DyeStat
1998	EBags.com
1998	EMusic
1998	EWay
1998	EasyDNS
1998	Eiga.com
1998	El Rincón del Vago
1998	Encyclopedia of Indigenous Peoples in Brazil
1998	Encyclopedia.com
1998	Eric Conveys an Emotion
1998	Etree
1998	Everything2
1998	Evite
1998	FanFiction.Net
1998	Figleaves
1998	Filmweb
1998	Firebox.com
1998	FlyerTalk
1998	Fred Flare
1998	Freei
1998	Go.com
1998	Google
1998	Google (verb)
1998	Google Doodle
1998	GovWorks
1998	GreatSchools
1998	Gulli.com
1998	Guru.com
1998	HardwareZone
1998	HealthBoards
1998	HistoryLink
1998	Home of the Underdogs
1998	HomeAdvisor
1998	Hong Kong Cinemagic
1998	HowStuffWorks
1998	Imagine Radio
1998	IndexMaster
1998	IndieWire
1998	Intermix Media
1998	International Academy of Digital Arts and Sciences
1998	JD.com
1998	Jew Watch
1998	Jewish Virtual Library
1998	JoBlo.com
1998	Kozmo.com
1998	LWN.net
1998	La Nueva Cuba
1998	LabourStart
1998	Landover Baptist Church
1998	Lastminute.com
1998	Legacy.com
1998	Literotica
1998	LiveDaily
1998	Maktoob
1998	Memepool
1998	Metababy
1998	Microsoft Research Maps
1998	Microsoft TechNet
1998	Mondo Media
1998	Moreover Technologies
1998	MoveOn
1998	Movile (company)
1998	MozillaZine
1998	Music Online Records
1998	Neelwafurat.com
1998	NetZero
1998	News24 (website)
1998	Omniglot
1998	Oneview
1998	Onmanorama
1998	OpenTable
1998	PCRUSH
1998	Packet Storm
1998	Parents Television and Media Council
1998	PayPal
1998	Pets.com
1998	PinupFiles
1998	Pixelon
1998	Pogo.com
1998	Preloved
1998	Priceline.com
1998	ProFlowers
1998	Qnet
1998	Questia Online Library
1998	Quotient Technology
1998	Rakuten Rewards
1998	Rakuten.co.uk
1998	Random.org
1998	Ripoff Report
1998	Rivals.com
1998	Rotten Tomatoes
1998	San Francisco Classical Voice
1998	Sanook.com
1998	SatireWire
1998	Segfault (website)
1998	Shangguan News
1998	Ship of Fools (website)
1998	Shopping.com
1998	Sierra (retailer)
1998	Skunk (community)
1998	SkyscraperPage
1998	Soompi
1998	Speed Demos Archive
1998	Speedyclick.com
1998	Startpage
1998	Structurae
1998	Suomi24
1998	Swatch Internet Time
1998	THG Ingenuity Cloud Services
1998	TVARK
1998	Television Without Pity
1998	Tencent
1998	TexAgs
1998	Textfiles.com
1998	The Daily Howler
1998	Think Secret
1998	Tradeweb
1998	Travelzoo
1998	TruNews
1998	Truth (anti-tobacco campaign)
1998	Tweakers
1998	Ultimate Guitar
1998	Usenet II
1998	VK (company)
1998	W3Schools
1998	WebMoney
1998	Webjet
1998	Where's George?
1998	Whirlpool (website)
1998	Wine-Searcher
1998	Wine.com
1998	Wings Over Kansas
1998	World News Network
1998	World Socialist Web Site
1998	XBIZ
1998	Yahoo Auctions
1998	Yahoo Messenger
1998	Yahoo Movies
1998	YesAsia
1998	ZipZoomfly
1998	Érudit
1999	2channel
1999	ATRL
1999	Abandoned & Little-Known Airfields
1999	Acid1
1999	Adult Film Database
1999	Adventure Gamers
1999	Advogato
1999	AfricaBib
1999	AfterCollege
1999	AgBiotechNet
1999	Albino Blacksheep
1999	Alibaba Group
1999	Allegro (website)
1999	AlltheWeb
1999	Ample Bosom
1999	Answers.com
1999	AskMen
1999	Audioholics
1999	Aufeminin
1999	Awards Daily
1999	Baen Books
1999	Baen Ebooks
1999	Bahrain Online
1999	Baseball Almanac
1999	Batanga Media
1999	Beach Volleyball Database
1999	Beliefnet
1999	BlackPlanet
1999	Blogger (service)
1999	Bodybuilding.com
1999	Boo.com
1999	BookRags
1999	Brainshark
1999	Business.com
1999	BuyCostumes.com
1999	CafePress
1999	Canadian Health Network
1999	Capitolwire
1999	Chef2chef
1999	Chinese Software Developer Network
1999	Chitraloka.com
1999	CiaoWeb
1999	Classic Game Room
1999	Clix (website)
1999	Coles Online
1999	CollegeHumor
1999	Comiclopedia
1999	Complete Review
1999	ContractorUK
1999	Crack in the Road
1999	Custom Ink
1999	Cyworld
1999	DCinside
1999	DI.FM
1999	DISCERN
1999	DMM.com
1999	DSLReports
1999	DVD Talk
1999	DVD Verdict
1999	Dangdang
1999	DeNA
1999	Dek-D.com
1999	Delticom
1999	Dermstore
1999	Designboom
1999	Diggers and Dreamers
1999	Digital Library for Dutch Literature
1999	Digital Spy
1999	Drugstore.com
1999	Dublab
1999	Duowei News
1999	E-Hentai
1999	ECOST.com
1999	EHow
1999	ELong
1999	Ebuyer
1999	Ekşi Sözlük
1999	Election.com
1999	Elite Prospects
1999	Epguides
1999	Epidemic Marketing
1999	Epinions
1999	Eurogamer
1999	Example.com
1999	FC2 (portal)
1999	Fametracker
1999	Fark
1999	FashionUnited
1999	Fastmail
1999	FatWallet
1999	Favicon
1999	Film.ru
1999	Flooz.com
1999	Fltplan.com
1999	Food.com
1999	Forgotten New York
1999	Forum.hr
1999	Forumopera.com
1999	Four Word Film Review
1999	Freaky Trigger
1999	FreshDirect
1999	Fultonhistory.com
1999	GameRankings
1999	GamesRadar+
1999	GarageBand.com
1999	Genealogy Today
1999	Genome News Network
1999	GhanaWeb
1999	GiftCards.com
1999	Goatse.cx
1999	GreenCine
1999	GunBroker.com
1999	H2g2
1999	Half.com
1999	Halo.Bungie.Org
1999	HappyCow
1999	Healthline
1999	Heavy (website)
1999	Henry Thornton (magazine)
1999	Hiiraan Online
1999	HipHopCanada
1999	HitQuarters
1999	Homes.com
1999	Hushmail
1999	Huuto.net
1999	HyperOffice
1999	ICraveTV
1999	IGP (e-gifting retailer)
1999	IParenting Media
1999	IWon
1999	Idlebrain.com
1999	In.gr
1999	Index (Hungarian website)
1999	Indiaplaza
1999	Infowars
1999	Inside Hoops
1999	Inside.com
1999	Internet Sacred Text Archive
1999	InternetCash.com
1999	Inthemix
1999	Investopedia
1999	Ishkur's Guide to Electronic Music
1999	Itslearning
1999	JibJab
1999	Jippii
1999	Josaka
1999	Jotform
1999	JournalismUK
1999	Kabyle.com
1999	Kaskus
1999	Kataweb
1999	Kibu.com
1999	King and McGaw
1999	Kiwibox
1999	Kodak Gallery
1999	Krstarica
1999	Kuro5hin
1999	LateRooms.com
1999	Lenta.ru
1999	LinuxChix
1999	Little Golden Guy
1999	Live365
1999	LiveJournal
1999	Loserkids.com
1999	LowerMyBills.com
1999	MDLinx
1999	MPWH
1999	MXTabs
1999	Magazines.com
1999	Makeoutclub.com
1999	Malaysiakini
1999	Masterseek
1999	Mediabistro
1999	MercadoLibre
1999	MetaFilter
1999	Military.com
1999	MissingMoney.com
1999	MobyGames
1999	Mongabay
1999	Monster.com
1999	Movie Insider
1999	Mr. Skin
1999	MuggleNet
1999	Music4Games
1999	MusicOMH
1999	MyLackey.com
1999	NU.nl
1999	NabiscoWorld
1999	Naked News
1999	Napster
1999	Naver Corporation
1999	Naver Dictionary
1999	NeoGAF
1999	Neopets
1999	Net Applications
1999	Netlog
1999	Netzwelt
1999	NewspaperArchive
1999	OpenRice
1999	Orderzone.com
1999	OverClocked ReMix
1999	Paper Project
1999	PaperofRecord.com
1999	Pashnit.com
1999	Pharmacy2U
1999	Physiotherapy Evidence Database
1999	Planet Half-Life
1999	Political Wire
1999	Postini
1999	Pravoslavie.ru
1999	ProZ.com
1999	Project Canterbury
1999	PunterNet
1999	Purple Skirt
1999	QuinStreet
1999	Quotidiano.net
1999	RSS
1999	Racó Català
1999	Rate My Professors
1999	RateItAll
1999	Ready2shop.com
1999	Realm of Thought
1999	Rent.com
1999	Review Centre
1999	Revues.org
1999	SHE Media
1999	Sacred Space (website)
1999	Scoop (website)
1999	Seamless (company)
1999	SecurityFocus
1999	Shockwave (game portal)
1999	Shoes.com
1999	Shopbop
1999	Shutterfly
1999	Sina Corporation
1999	Singingfish
1999	Slickdeals
1999	SmartPlanet
1999	Snapfish
1999	SomaFM
1999	Something Awful
1999	Songfacts
1999	SourceForge
1999	Space.com
1999	Special-use domain name
1999	Speechbot
1999	Squirt.org
1999	Sssh.com
1999	Stargate fandom
1999	Stile Project
1999	SurveyMonkey
1999	Synchronized Multimedia Integration Language
1999	TGSCOM
1999	Taiwan.cn
1999	Tarisio Auctions
1999	Tencent QQ
1999	The Chattanoogan
1999	The Cluetrain Manifesto
1999	The Doe Network
1999	The Erotic Review
1999	The Green Papers
1999	The Hunger Site
1999	The Mine (brand)
1999	The Tech Report
1999	The9
1999	Thugs on Film
1999	Tianya Club
1999	Tickle.com
1999	Trade Me
1999	Tradera
1999	Trance.nu
1999	Transport Layer Security
1999	Travelstart
1999	Trip.com Group
1999	Trusonic
1999	TruthOrFiction.com
1999	UKFast
1999	Urban Dictionary
1999	UrbanBaby
1999	Urbanfetch
1999	Virtualtourist
1999	Web.com
1999	Websleuths
1999	Weiv
1999	Whyville
1999	Wiggle (brand)
1999	Winamax
1999	Wispolitics.com
1999	WorldWIT
1999	Xanga
1999	Xneelo
1999	YTHT
1999	Ya.com
1999	Yahoo Music Radio
1999	Zappos
1999	Zombo.com
1999	Zooplus
2000	123 Reg
2000	1stdibs
2000	4Gamer.net
2000	4Players
2000	A21, Inc.
2000	AO World
2000	AOL Radio
2000	AOL TV
2000	ASOS plc
2000	Abbywinters.com
2000	AbsolutePunk
2000	AccuRadio
2000	Activated Content
2000	Aeroxchange
2000	Afilias
2000	Al Bawaba
2000	Am I Right
2000	AmIAnnoying.com
2000	An Fear Rua
2000	Ananova
2000	Archies Limited
2000	Askimam
2000	Australian Rock Database
2000	AutoIndustriya.com
2000	Automatic Media
2000	BAYT.com
2000	BBspot
2000	Baidu
2000	Baseball Reference
2000	Basenotes
2000	BeingGirl
2000	Bet365
2000	Betfair
2000	Betsson
2000	BharatMatrimony
2000	BigSoccer
2000	BillDesk
2000	BoardGameGeek
2000	Boats.com
2000	Bonsai Kitten
2000	BookLender
2000	Bookspan
2000	BrickLink
2000	Bugs! (streaming service)
2000	C2it
2000	CBC Radio 3
2000	CNews (magazine)
2000	CarComplaints.com
2000	Cartoon Orbit
2000	Central and Eastern European Online Library
2000	Century China
2000	Charges.com.br
2000	Cheapair
2000	Chess Live
2000	Chortle
2000	Christian Connection (website)
2000	Cinema Treasures
2000	Cinenacional.com
2000	Cites & Insights
2000	Clearly
2000	ClickTheCity.com
2000	Clickradio
2000	ClinicalTrials.gov
2000	CliqueMusic
2000	Coast to Coast Tickets
2000	Compete.com
2000	Compute Against Cancer
2000	CrimeFictionCanada
2000	DShield
2000	DXY.cn
2000	Dave's Garden
2000	Deadmalls.com
2000	Debkafile
2000	DeviantArt
2000	Diary-X
2000	Discogs
2000	Distributed Proofreaders
2000	Dodgeball (service)
2000	Dol2day
2000	Doom9
2000	Doorstep (company)
2000	Drowned in Sound
2000	E-med
2000	EDreams
2000	EHarmony
2000	ESPN Deportes.com
2000	El Mostrador
2000	Elbakin.net
2000	Emporis
2000	EmuParadise
2000	Encarta
2000	Esmas.com
2000	Esure
2000	Expatica
2000	Fabchannel.com
2000	Fandango Media
2000	Fashion Model Directory
2000	Fathom.com
2000	FindArticles
2000	Flirtboat
2000	Friends Reunited
2000	Front Porch Forum
2000	Fucked Company
2000	Fucking Machines
2000	G-Market
2000	GCFGlobal.org
2000	Gamekult
2000	Gameplanet
2000	Gaysir
2000	Geebo
2000	GeneSweep
2000	Gigazine
2000	Gjenvick-Gjønvik Archives
2000	GlobalSecurity.org
2000	Guerrilla News Network
2000	Guide du rôliste galactique
2000	Gumtree
2000	HITC
2000	Happy Tree Friends
2000	HeinOnline
2000	Hits Daily Double
2000	Hollywoodbets
2000	Home Décor Products
2000	Homestar Runner
2000	Hot or Not
2000	Hotwire.com
2000	Hyphanet
2000	Hyundai AutoEver
2000	I Love Music (forum)
2000	IEEE Xplore
2000	IStock
2000	Icebox Animation
2000	Identifont
2000	Index to Organism Names
2000	Info-14
2000	Internet Broadway Database
2000	Internet Crime Complaint Center
2000	Japan Registry Services
2000	Jeeran
2000	John Titor
2000	JumpTV
2000	JustGiving
2000	Karmaloop
2000	Keenspot
2000	Keyhole (Internet forum)
2000	Korea Post
2000	Korrespondent.net
2000	Kremlin.ru
2000	Kwangmyong (network)
2000	LawMoose
2000	LegalMatch
2000	LinuxQuestions.org
2000	LunarStorm
2000	MacRumors
2000	Machinima, Inc.
2000	MakeMyTrip
2000	Maya (mobile payments)
2000	MeatballWiki
2000	Metal Storm (webzine)
2000	Mindat.org
2000	MonotaRO
2000	MovieTickets.com
2000	Mozdev.org
2000	Mumsnet
2000	Museum of Black Joy
2000	MusicBrainz
2000	Mutopia Project
2000	My-Tv
2000	Mymovies.it
2000	NEWSru
2000	Naharnet
2000	Namecheap
2000	Narthaki.com
2000	Neowin
2000	Netmums
2000	Netshoes
2000	New York Social Diary
2000	News.nl
2000	No-IP
2000	Nupedia
2000	Ogrish.com
2000	OhmyNews
2000	Omelete
2000	OpenBSD Journal
2000	Opticsplanet
2000	Orisinal
2000	Page Six
2000	Pambazuka News
2000	Photobox
2000	Pixmania
2000	Planetizen
2000	Playahead
2000	Playlouder
2000	Popbitch
2000	Pro Football Reference
2000	ProBoards
2000	PubMed Central
2000	Rakuten France
2000	Rate Your Music
2000	RealClearPolitics
2000	Reality Kings
2000	RegisterFly
2000	Retecool
2000	Rock's Backpages
2000	RollOnFriday
2000	SNCF Connect
2000	STYLEPIT
2000	SUNeVision
2000	Sahibinden.com
2000	Sarvatra Technologies
2000	Schlock Mercenary
2000	Science Fiction Awards Database
2000	Seatrade Insider
2000	Sensei's Library
2000	SingleMuslim.com
2000	Sporting Options
2000	Sportnet.hr
2000	Startups.co.uk
2000	Streetdirectory.com
2000	StubHub
2000	Stuff (website)
2000	Style.com
2000	TV Tome
2000	Talking Points Memo
2000	TalkingCock.com
2000	Team Liquid
2000	TeamXbox
2000	Techlink
2000	Tesco.com
2000	The Leaky Cauldron (website)
2000	The Originals (website)
2000	The Plan Collection
2000	The Rainforest Site
2000	The Romp (website)
2000	Theoi Project
2000	Threadless
2000	Tibet.cn
2000	Timmy Big Hands
2000	Toptable
2000	Transfermarkt
2000	Tripadvisor
2000	Truthout
2000	Tut.By
2000	Ukrainska Pravda
2000	Uncommon Goods
2000	Uswitch
2000	Vanguard News Network
2000	VeggieBoards
2000	Village Media
2000	Virgin Cars
2000	Virgin Wines
2000	Voyagermoinscher.com
2000	WeatherBug
2000	Workopolis
2000	Wotif
2000	WrestleCrap
2000	WriteAPrisoner.com
2000	Ynet
2000	Zabasearch.com
2000	Zap2it
2000	Zeropaid.com
2001	Acclaimed Music
2001	Adequacy.org
2001	Aegean Sea (website)
2001	African Online Digital Library
2001	Afrikaans Wikipedia
2001	Angry Asian Man
2001	Animutation
2001	Arabeyes
2001	Arts Professional
2001	Asexual Visibility and Education Network
2001	Ashley Madison
2001	B3ta
2001	Baseball Think Factory
2001	Basque Wikipedia
2001	Bitzi
2001	Blabbermouth.net
2001	Bloody Disgusting
2001	Bloody Elbow
2001	BoardEx
2001	BookCrossing
2001	Bulatlat
2001	Buzzgrinder
2001	CMON Limited
2001	CNN Business
2001	Canadian Global Affairs Institute
2001	Catalan Wikipedia
2001	Catalogue of Life
2001	Caucasian Knot
2001	Centre for Research on Globalization
2001	Chessgames.com
2001	Chinaknowledge
2001	Chinese Wikipedia
2001	Chosun Journal
2001	Confused.com
2001	Cool Beans World
2001	Cotonete
2001	Cram.com
2001	Culture.pl
2001	D3.ru
2001	Daijiworld Media
2001	DealBook
2001	Democracy and Freedom Web
2001	Democratic Underground
2001	Deutsche Biographie
2001	Dictionaries of the Scots Language
2001	DistroWatch
2001	Dogs On Acid
2001	Don Markstein's Toonopedia
2001	Doogtoons
2001	Dragonlance Nexus
2001	Drugs.com
2001	Dutch Wikipedia
2001	E-Boks
2001	EBaum's World
2001	EPodunk
2001	Educarchile
2001	Encyclopedia of Life Sciences
2001	English Wikipedia
2001	EquiLend
2001	Esperanto Wikipedia
2001	Etymonline
2001	ExtremeTech
2001	Fred Entertainment
2001	Freedb
2001	French Wikipedia
2001	Fridae
2001	Futaba Channel
2001	GMInsideNews
2001	GNE (encyclopedia)
2001	Galician Wikipedia
2001	Geiriadur Prifysgol Cymru
2001	German Wikipedia
2001	Gigwise
2001	Google Groups
2001	Grid.org
2001	Gry-Online
2001	HAL (open archive)
2001	Harare Tribune
2001	Hatena (company)
2001	Hebrew Wikipedia
2001	HelpX
2001	Hill Communications
2001	Histmag
2001	HistoryWorld
2001	Holocaust Encyclopedia
2001	HostDime
2001	Hotels.nl
2001	ITunes
2001	IZM
2001	InoSMI
2001	Instapundit
2001	Internet Off-Broadway Database
2001	Intrade
2001	Israblog
2001	Italian Wikipedia
2001	Japanese Wikipedia
2001	Jappy
2001	Just Eat
2001	LegalZoom
2001	LiveJasmin
2001	M3 (magazine)
2001	MMA Fighting
2001	MacMinute
2001	ManBeef.com
2001	Manhunt (social network)
2001	Meetic
2001	MemeStreams
2001	Memoria Chilena
2001	Metacritic
2001	Midnight Eye
2001	MillionaireMatch
2001	Miniclip
2001	Mousebreaker
2001	Multitran
2001	MuslimVillage Forums
2001	My Opera
2001	MyDD
2001	NRW Literatur im Netz
2001	Nate (web portal)
2001	Naughty America
2001	Net Authority
2001	Network for Good
2001	Nexus Mods
2001	Norwegian Wikipedias
2001	Off the Kuff
2001	OldVersion.com
2001	Ondarock
2001	Online Stores
2001	Onliner.by
2001	OpenDemocracy
2001	Opodo
2001	Orbitz
2001	Paarfieber
2001	Parship
2001	Partypoker
2001	Phayul.com
2001	Physics Forums
2001	Plastic.com
2001	PlayStation 2 online functionality
2001	PokerStars
2001	Polish Wikipedia
2001	PoliticsPA
2001	Portadown News (satirical news website)
2001	Portuguese Wikipedia
2001	Postopia
2001	ProFootballTalk
2001	Probush.com
2001	Project Gutenberg Australia
2001	PublishNews
2001	Q Christian Fellowship
2001	RateMyTeachers
2001	RealArcade
2001	RealGM
2001	ResellerRatings
2001	Responsive web design
2001	Rhythmer
2001	Russian Wikipedia
2001	Ryze
2001	Saipan Sucks
2001	Samizdata
2001	SeatGuru
2001	ShareReactor
2001	Simple English Wikipedia
2001	Sittercity.com
2001	Slyck.com
2001	Sniff Petrol
2001	Softpedia
2001	SourceOECD
2001	Spanish Wikipedia
2001	Spritmonitor
2001	Spymac
2001	StumbleUpon
2001	SuicideGirls
2001	Susning.nu
2001	Swedish Wikipedia
2001	T-Shirt Hell
2001	TGcom
2001	TV Acres
2001	TVShowsOnDVD.com
2001	Tbilisis Forumi
2001	Teoma
2001	The F-Word (blog)
2001	The Framley Examiner
2001	Thottbot
2001	Tianshannet
2001	TooMunchFun
2001	U.ae
2001	Ukonline
2001	Utrop
2001	VWorker
2001	Veepee
2001	VirtualCourthouse.com
2001	Webs (web hosting)
2001	Where's Willy?
2001	Wikipedia
2001	Wikipedia logo
2001	WiseNut
2001	Wrecksite
2001	XXXchurch.com
2001	YTMND
2001	Yahoo Groups
2001	Yahoo Music
2002	AfterEllen
2002	AnimeSuki
2002	Aporrea
2002	Assamese Wikipedia
2002	Australian Trade Union Archives
2002	Azerbaijani Wikipedia
2002	Bandai Channel
2002	Bandmix
2002	Bang Bros
2002	Base de datos
2002	BeautifulPeople.com
2002	Beijing GNU/Linux User Group
2002	Bigteams
2002	Blogcritics
2002	Book of Records of Ukraine
2002	Bored of Studies
2002	Bosnian Wikipedia
2002	Broken Frontier
2002	Buy.at
2002	BuysUSA.com
2002	Bzzzpeek
2002	CNN Arabic
2002	CacheFly
2002	Caracas Chronicles
2002	Celebdaq
2002	China Elections and Governance Website
2002	Cineuropa
2002	Cokemachineglow
2002	Colnect
2002	Constitutional Forum
2002	Cramster.com
2002	Cylinder Audio Archive
2002	Czech Wikipedia
2002	DIY (magazine)
2002	Daily Kos
2002	Danish Wikipedia
2002	Dudesnude
2002	Dynadot
2002	E-farsas
2002	Enciclopedia Libre Universal en Español
2002	Encyclopaedia Metallum
2002	EveryScape
2002	Everyday Health
2002	FilmAffinity
2002	Finnish Wikipedia
2002	Fluxblog
2002	Fotolog
2002	Friendster
2002	GameStats
2002	GameTrailers
2002	Gizmodo
2002	Goldstar Events
2002	Google Answers
2002	Google News
2002	Google Shopping
2002	Googlefight
2002	GotFrag
2002	GotoBus
2002	Greek Wikipedia
2002	Harry's Place
2002	Hayneedle
2002	HighBeam Research
2002	HoopsHype
2002	IOffer
2002	IWiW
2002	Index.hr
2002	Infobae
2002	Jihadunspun.com
2002	Joy of Satan Ministries
2002	Kazakh Wikipedia
2002	Korean Wikipedia
2002	Kyrgyz Wikipedia
2002	Last.fm
2002	Latin Wikipedia
2002	Lernu!
2002	LinkedIn
2002	Long Island Exchange
2002	Lovehoney
2002	MIT OpenCourseWare
2002	MVGroup
2002	MailEnable
2002	Malayalam Wikipedia
2002	Mamba (website)
2002	MaxPreps
2002	Mediaweek (Australia)
2002	Meetup
2002	MetroLyrics
2002	Midwest Radio Network
2002	ModCloth
2002	ModDB
2002	Modern Tales
2002	My Medical Education
2002	MyCoke
2002	MyFreeCams
2002	MyLife
2002	NNDB
2002	NationStates
2002	NearlyFreeSpeech
2002	Nepali Wikipedia
2002	Niche (company)
2002	OSDN
2002	Oddpost
2002	Odia Wikipedia
2002	Open Source Vulnerability Database
2002	Ourproject.org
2002	PaidContent
2002	Pastebin.com
2002	Payscale (company)
2002	PeopleFinders.com
2002	Phillyblog
2002	Picaboo
2002	Planning Portal
2002	Playasia
2002	Playerhistory.com
2002	Poetry International Web
2002	Punjabi Wikipedia
2002	Puremédias
2002	Qidian
2002	RapidShare
2002	Real Ultimate Power
2002	Red Ice
2002	Redding News Review
2002	RogerEbert.com
2002	Romeo (social network)
2002	Rox Jewellers
2002	SCOTUSblog
2002	Save Karyn
2002	Serializer.net
2002	Sex141
2002	Skyrock (social network site)
2002	Skyscanner
2002	SkyscraperCity
2002	Slovene Wikipedia
2002	Slugger O'Toole
2002	Smashboards
2002	SmugMug
2002	Sportdaq
2002	Spread Group
2002	Starfall (website)
2002	StayFriends.de
2002	Stereoboard
2002	Stereogum
2002	Suprnova.org
2002	Swiss Media Database
2002	Text (company)
2002	The Cutting Room Floor (website)
2002	The Duck Webcomics
2002	The Insider (newsletter)
2002	The Memory Hole (website)
2002	The Poke
2002	The Volokh Conspiracy
2002	Three Imaginary Girls
2002	TicketNetwork
2002	Timarit.is
2002	TinyURL
2002	Tor (network)
2002	Toytown Germany
2002	TravelBlog.org
2002	Travellerspoint
2002	TuneIn
2002	Turkish Wikipedia
2002	Vagalume
2002	Vietnamese Wikipedia
2002	Volcanoes of the World
2002	Wayfair
2002	Whedonesque.com
2002	Whole Wheat Radio
2002	Wholesale Furniture Brokers
2002	Wiktionary
2002	Yahoo Maps
2002	Zhejiang Online
2003	/b/
2003	10bet
2003	1Up Network
2003	419eater.com
2003	4chan
2003	AFL Dream Team
2003	Aaqua
2003	Adam4Adam
2003	Agoda
2003	Albanian Wikipedia
2003	Alemannic Wikipedia
2003	AmericanMuscle
2003	Arabic Wikipedia
2003	Armenian Wikipedia
2003	Atom (web standard)
2003	BBQGuys
2003	Balkinization (blog)
2003	Bang Cartoon
2003	Bislama Wikipedia
2003	Bloglines
2003	BlueLine Grid
2003	Box Office India
2003	BoxingScene
2003	British Comedy Guide
2003	BroadwayWorld
2003	BugGuide
2003	BugMeNot
2003	Bulgarian Wikipedia
2003	CD3WD
2003	CSS Zen Garden
2003	Carstuckgirls.com
2003	CellarTracker
2003	Cheap Ass Gamer
2003	China Digital Times
2003	Chinese Public Opinion Surveillance Net
2003	Cinando
2003	Clips4Sale
2003	Coco (website)
2003	Coupon Cabin
2003	CricketArchive
2003	Croatian Wikipedia
2003	Culturally Authentic Pictorial Lexicon
2003	D&E Media
2003	D1Baseball
2003	DVD Unlimited
2003	Delicious (website)
2003	Demonoid
2003	DiVA (open archive)
2003	Directory of Open Access Journals
2003	Document.no
2003	EConozco
2003	Engrade
2003	Eroakirkosta.fi
2003	Estonian Wikipedia
2003	FactCheck.org
2003	Findmypast
2003	FirstVoices
2003	Fleshbot
2003	ForoCoches
2003	Furl
2003	Gaia Online
2003	Gawker
2003	Gear4music
2003	GeenStijl
2003	Georgian Wikipedia
2003	Girlamatic
2003	Glbtq: An encyclopedia of gay, lesbian, bisexual, transgender, and queer culture
2003	Global Personals
2003	GoFish
2003	God Is in the TV
2003	Google AdSense
2003	Google Alerts
2003	Gothamist
2003	GreenCine Daily
2003	Groklaw
2003	Groovera
2003	HanCinema
2003	Harry Potter Fan Zone
2003	Heathen Harvest
2003	Hi5
2003	Hindi Wikipedia
2003	Hoax Slayer
2003	Holiday Watchdog
2003	Hong Kong Discuss Forum
2003	Hungarian Wikipedia
2003	I'm Not Sorry.net
2003	ICasualties.org
2003	IFixit
2003	IPKat
2003	ITunes Store
2003	IWant
2003	ImageShack
2003	Indiacom
2003	Indonesian Wikipedia
2003	InfoRos
2003	Intelius
2003	Iraqi News
2003	Irish Wikipedia
2003	IsoHunt
2003	Jay Is Games
2003	Jiayuan.com
2003	Jihad Watch
2003	Jinjiang Literature City
2003	Justia
2003	KaBuM!
2003	Kabul Press
2003	Kakao Webtoon
2003	Kannada Wikipedia
2003	Kinopoisk
2003	Kiwiblog
2003	Language Log
2003	Latvian Wikipedia
2003	Law Street Media
2003	Libcom.org
2003	Lifeknot
2003	Lithuanian Wikipedia
2003	Logbook of The World
2003	Lowculture
2003	MEETin
2003	Macedonian Wikipedia
2003	MailOnline
2003	Mao Zedong Thought Flag
2003	Marathi Wikipedia
2003	Medical News Today
2003	Memory Alpha
2003	Metacafe
2003	Multiply (website)
2003	Musée protestant
2003	MyBroadband
2003	MyHeritage
2003	Myspace
2003	Name.com
2003	NamePros
2003	Napster (pay service)
2003	Nexopia
2003	Open Source Shakespeare
2003	PLOS
2003	PakWheels
2003	Perfectmatch.com
2003	Pixnet
2003	Plenty of Fish
2003	Prism Comics
2003	Public Whip
2003	Puretracks
2003	Quickflix
2003	RLLMUK
2003	Rapzilla
2003	ReadWrite
2003	Requiem Survey (website)
2003	Romanian Wikipedia
2003	Rooster Teeth
2003	Rootschat
2003	SF Signal
2003	SSENSE
2003	Said the Gramophone
2003	SawYouAtSinai
2003	Screen Rant
2003	Scroogle
2003	SecondHandSongs
2003	Serbian Wikipedia
2003	Simply Hired
2003	Siteimprove
2003	Slovak Wikipedia
2003	Social.fm
2003	SoulTracks
2003	Sparktop
2003	Steam (service)
2003	Survey of Scottish Witchcraft
2003	Tagalog Wikipedia
2003	Tamil Wikipedia
2003	Taobao
2003	Tatar Wikipedia
2003	Taxi Maxim
2003	Thai Wikipedia
2003	The Free Dictionary
2003	The Millions
2003	The Pirate Bay
2003	The Sneeze (blog)
2003	The Wilson Post
2003	TheLadders.com
2003	Tolkien Gateway
2003	Torrentz
2003	Treasuremytext
2003	TriCities.com
2003	Trusted Reviews
2003	Tuzin.fm
2003	Typepad
2003	UShip
2003	Upcoming
2003	Utopia (internet forum)
2003	Uzbek Wikipedia
2003	Vaccine Safety Net
2003	Voices.com
2003	Volapük Wikipedia
2003	Weblogs, Inc.
2003	Welsh Wikipedia
2003	Wikibooks
2003	Wikipedia logo
2003	Wikiquote
2003	Wikisource
2003	Wikitravel
2003	XDA Developers
2003	YaCy
2003	Yahoo Widgets
2003	YourBittorrent
2003	Zenni Optical
2003	Zorpia
2003	Zulu Wikipedia
2004	/v/ (imageboard)
2004	270toWin
2004	3 Quarks Daily
2004	4INFO
2004	A9.com
2004	ALL.Net
2004	ASmallWorld
2004	AddThis
2004	African Activist Archive
2004	Album2
2004	AltSounds
2004	Ameba (website)
2004	Americablog
2004	Ampparit
2004	AnnualCreditReport.com
2004	Aragonese Wikipedia
2004	Armor Games
2004	Asturian Wikipedia
2004	AutoAdmit
2004	Autoblog
2004	Aviation Special Interest Group
2004	Aylo
2004	Backpage
2004	Beatport
2004	Beautiful Agony
2004	Belarusian Wikipedia
2004	Bengali Wikipedia
2004	BlackPast.org
2004	Bleeping Computer
2004	Blipfoto
2004	Brazzers
2004	Breton Wikipedia
2004	BrooklynVegan
2004	Browse Happy
2004	Burmese Wikipedia
2004	BurnLounge
2004	By Common Consent
2004	CPO Commerce
2004	Cake Network
2004	Canadian Register of Historic Places
2004	Cantonese Wikipedia
2004	Cartoon Brew
2004	CcMixter
2004	Channel 9 (Microsoft)
2004	China Internet Illegal Information Reporting Center
2004	Chuvash Wikipedia
2004	CiteULike
2004	Classical Syriac Wikipedia
2004	Cloob
2004	Complete Index to World Film
2004	ConnectU
2004	Connotea
2004	Copyscape
2004	Crackle (service)
2004	Cricbuzz
2004	Crooks and Liars
2004	DHgate.com
2004	Daily NK
2004	DailyOM
2004	DavisWiki
2004	Digg
2004	Direct2Drive
2004	Directgov
2004	Discover the Networks
2004	Dogster
2004	Dohop
2004	Doyles Room
2004	Draugiem.lv
2004	ESky Group
2004	Ehoron.com
2004	Electoral-vote.com
2004	Elfster
2004	Encyclopedia Dramatica
2004	Engadget
2004	ExploitDB
2004	Facebook
2004	Fandango (streaming service)
2004	Fandom (website)
2004	Fandom Inc
2004	Fandom, Inc
2004	Fandom, Inc.
2004	FantLab
2004	FareCompare
2004	Fatso (service)
2004	Faves.com
2004	FeedBurner
2004	Feminist Mormon Housewives
2004	Feministing
2004	Find a Crew
2004	Firedoglake
2004	Fishpond.co.nz
2004	Flickr
2004	Foetry.com
2004	GCash
2004	Gates of Vienna
2004	GetJar
2004	Gmail
2004	Goal (website)
2004	Google Books
2004	Google Santa Tracker
2004	Google Scholar
2004	GrassrootsPA
2004	Gree (social network)
2004	Grono.net
2004	Grubhub
2004	Guido Fawkes
2004	Gujarati Wikipedia
2004	Hakia
2004	Hardcore Gaming 101
2004	Hip Hop Republican
2004	Hostinger
2004	Hungry Girl
2004	I2hub
2004	IThenticate
2004	If(we)
2004	Imeem
2004	Indeed
2004	Info.com
2004	Interfax-Religion
2004	Internet Movie Cars Database
2004	Jamendo
2004	Jane-Finch.com
2004	Japanese Culture Channel Sakura
2004	Javanese Wikipedia
2004	Jeevansathi.com
2004	Journal of Turkish Weekly
2004	Joystiq
2004	Judy's Book
2004	JurisPedia
2004	Kayak (company)
2004	Kinja (website)
2004	Koolmuzone
2004	Kotaku
2004	Kurdish Wikipedias
2004	Kurmanji Kurdish Wikipedia
2004	Lavabit
2004	Le.com
2004	LearnThat Foundation
2004	LocalWiki
2004	LokiTorrent
2004	Mandatory (company)
2004	Medgadget
2004	Mefeedia.com
2004	Melon (online music service)
2004	Mevio
2004	Miestai.net
2004	Mike's Weather Page
2004	Mixi
2004	Mobissimo
2004	Momo.com
2004	Mongolian Wikipedia
2004	Monoskop
2004	Music for Robots (website)
2004	MyAnimeList
2004	National Electronic Library
2004	New Georgia Encyclopedia
2004	New Matilda
2004	Nitrome
2004	Northern Sámi Wikipedia
2004	Notpron
2004	Nowthatsfuckedup.com
2004	Odeo
2004	Oh No They Didn't
2004	Oink's Pink Palace
2004	OkCupid
2004	OpenStreetMap
2004	Openclipart
2004	Orkut
2004	OutHistory
2004	Overblog
2004	PC Perspective
2004	PJ Media
2004	Pandora TV
2004	PaperBackSwap
2004	Peekvid
2004	Phys.org
2004	Platial
2004	Plazes
2004	Pluralsight
2004	Popehat
2004	Portal to Texas History
2004	ProCon.org
2004	Putfile
2004	Rap.ru
2004	Raw Story
2004	RealClimate
2004	RedState
2004	Sanskrit Wikipedia
2004	Scottish Gaelic Wikipedia
2004	Sepia Mutiny
2004	Shōsetsuka ni Narō
2004	Simpy
2004	Sogou
2004	Sorry Everybody
2004	Squarespace
2004	Stadtwiki Karlsruhe
2004	Stupidedia
2004	TV Tropes
2004	Tagged (website)
2004	Taringa!
2004	The Christian Post
2004	The Comics Curmudgeon
2004	The Daily WTF
2004	The Gateway Pundit
2004	The Hardball Times
2004	The Jawa Report
2004	The Living Room Candidate
2004	The Local
2004	The Morningside Post
2004	The Omnificent English Dictionary in Limerick Form
2004	The Superficial
2004	The Unofficial Apple Weblog
2004	Thrillist
2004	TimesJobs.com
2004	TinyPic
2004	Tours4fun
2004	Triton (content delivery)
2004	TrueDelta
2004	Truveo
2004	Twango
2004	Ubuntu Forums
2004	Ukrainian Wikipedia
2004	Urdu Wikipedia
2004	Viadeo
2004	Videolog.tv
2004	Vimeo
2004	VirusTotal
2004	Vote for the Worst
2004	WWE Classics on Demand
2004	Wapedia
2004	Wazap!
2004	WeRelate
2004	WebCite
2004	Webjay
2004	Webtoon (platform)
2004	Where.com
2004	Whosarat.com
2004	Wikia Search
2004	Wikimedia Commons
2004	Wikinews
2004	Wikispecies
2004	Wirehog
2004	WoWWiki
2004	Worldometer
2004	Wrong Planet
2004	Y'all Politics
2004	Yandex Maps
2004	Yannan Web
2004	Yelp
2004	Yiddish Wikipedia
2004	Yippy
2004	YouTube Poop
2004	ZipcodeZoo
2005	/Film
2005	/x/
2005	2345.com
2005	30 Boxes
2005	420chan
2005	43 Things
2005	4shared
2005	56.com
2005	Acid2
2005	Aktuality.sk
2005	Al-Maktaba al-Shamela
2005	Amazon Mechanical Turk
2005	Arab Reporters for Investigative Journalism
2005	Archives West
2005	Ask the Doctor (website)
2005	Awol Marines
2005	BBC Local Video
2005	BTJunkie
2005	Backstage.bbc.co.uk
2005	Baidu Maps
2005	Baihe.com
2005	Baike.com
2005	Ballislife.com
2005	Bambara Wikipedia
2005	BasketNews
2005	Battlestar Wiki
2005	Bdnews24.com
2005	Bebo
2005	Behance
2005	Believe Music
2005	Betabrand
2005	Betclic
2005	Biip.no
2005	Bills.com
2005	Blip.tv
2005	Bloggingheads.tv
2005	Bloomex
2005	BluegrassReport.org
2005	BookWalker
2005	BoxRec
2005	Brooklyn Bunny
2005	Cairn.info
2005	Calculated Risk (blog)
2005	CampusJ
2005	Cebuano Wikipedia
2005	Charitybuzz
2005	Chegg
2005	China Worker Net
2005	Club Penguin
2005	Collider (website)
2005	ConservativeHome
2005	Consumerist
2005	Cow Television
2005	Cozi
2005	Cracked.com
2005	Dailymotion
2005	Danbooru
2005	DatPiff
2005	Deadspin
2005	Diapers.com
2005	Dlisted
2005	DontDateHimGirl.com
2005	Douban
2005	EQ Music
2005	ESPN3
2005	EZTV
2005	Eater (website)
2005	Edugeek
2005	Elite Daily
2005	Erobella
2005	Etsy
2005	Eyebuydirect
2005	FOD (streaming service)
2005	Face of the Future
2005	Fairground Gaming
2005	Fightmag
2005	Fire Joe Morgan
2005	Fixya
2005	FlightAware
2005	Flirtomatic
2005	Focus.com
2005	Fora.tv
2005	Foxy Bingo
2005	Freesound
2005	Freesound.org
2005	FromthePage.com
2005	FrontPage Magazine
2005	Fur Affinity
2005	GamePolitics.com
2005	GameTap
2005	Gamezebo
2005	Ganfyd
2005	Gather.com
2005	Gay Japan News
2005	Genographic Project
2005	GetUp!
2005	Glam (magazine)
2005	Gloria.tv
2005	GoComics
2005	Google Bookmarks
2005	Google China
2005	Google Maps
2005	Google Reader
2005	Google Video
2005	Google.org
2005	Hard Knock TV
2005	HomeAway
2005	HopStop
2005	HotPads
2005	HotelsCombined
2005	Htwins.net
2005	HuffPost
2005	I-Jet Media
2005	ICANNWiki
2005	ITV Local
2005	IWork
2005	Icelolly.com
2005	Immunopaedia
2005	Inbenta
2005	India.gov.in
2005	Instructables
2005	Internacia Televido
2005	International Business Times
2005	Istorrent
2005	Istrian Encyclopedia
2005	Jajah
2005	Kajgana.com
2005	Kermode and Mayo's Film Review
2005	Kijiji
2005	La Frikipedia
2005	Lego Design byME
2005	Lexulous
2005	LibraryThing
2005	Lifehacker
2005	Lixtor
2005	Lostpedia
2005	MDN Web Docs
2005	Ma'an News Agency
2005	Magazeta
2005	Mashable
2005	Meatspin
2005	MedPage Today
2005	Meebo
2005	Megalodon (website)
2005	Megaupload
2005	Menéame
2005	Michigan Liberal
2005	MicroWiki
2005	Milanuncios
2005	Milblogging.com
2005	Mininova
2005	MocoSpace
2005	ModernGhana
2005	Mofos
2005	Mountain Project
2005	Musopen
2005	My Web
2005	MyRegistry.com
2005	Myriad Search
2005	NASASpaceflight
2005	NG-Gamer
2005	Nairaland
2005	Nederland 24
2005	Netdisaster
2005	Netvibes
2005	NeverForget84.com
2005	Nialler9
2005	Ning (website)
2005	Niumba
2005	NowPublic
2005	Nukapedia
2005	Nyaa Torrents
2005	Oodle
2005	OpenSubtitles
2005	OpenWetWare
2005	Ossetian Wikipedia
2005	PBworks
2005	Pageflakes
2005	Panoramio
2005	PatientsLikeMe
2005	Pedestrian (company)
2005	Persée (web portal)
2005	Picnik
2005	PinkNews
2005	Pluck (company)
2005	Podcast Pickle
2005	PostSecret
2005	Practice Fusion
2005	Project Fanboy
2005	Queerty
2005	Quicksales
2005	Qunar
2005	Qzone
2005	RIP.ie
2005	Radiopaedia
2005	Raising Kaine
2005	Rangjung Yeshe Wiki
2005	Rate Your Students
2005	Reddit
2005	Redlasso
2005	Refinery29
2005	Renren
2005	RentAHitman.com
2005	Revision3
2005	Revolution Health Group
2005	Rheinland-Pfälzische Personendatenbank
2005	Rhode Island's Future
2005	Right to Be
2005	Ripuarian Wikipedia
2005	Rodovid
2005	SB Nation
2005	Salehoo
2005	Save Toby
2005	ScienTOMogy
2005	Scots Wikipedia
2005	Sesam (search engine)
2005	ShareFile
2005	SikhiWiki
2005	Skroutz
2005	Skwigly
2005	Smarthistory
2005	Somewhereinblog.net
2005	Soop (service)
2005	Souq (company)
2005	Spike.com
2005	Sputnikmusic
2005	Squidoo
2005	Statler and Waldorf: From the Balcony
2005	Stickam
2005	StudiVZ
2005	Sudan Tribune
2005	TIGSource
2005	TMZ
2005	TV.com
2005	TWiT.tv
2005	Tabelog
2005	Tablo ID
2005	Tamagotchi Town
2005	Te Ara: The Encyclopedia of New Zealand
2005	TechCrunch
2005	Techmeme
2005	The "Blog" of "Unnecessary" Quotation Marks
2005	The Brussels Journal
2005	The Chaser (newspaper)
2005	The Escapist (magazine)
2005	The Meet Group
2005	The Million Dollar Homepage
2005	The Oil Drum
2005	The Rutherford Journal
2005	The Signpost
2005	The Student Bar
2005	The Tempest (media company)
2005	TheBacklot.com
2005	ThinkProgress
2005	Todos (..) los nombres
2005	TravBuddy.com
2005	TreeHugger
2005	Tripsta S.A.
2005	Trivago
2005	TrueCar
2005	TrueHoop
2005	Trulia
2005	Truthdig
2005	Tudou
2005	TuneCore
2005	Tunefind
2005	Uncyclopedia
2005	VGChartz
2005	VariFlight
2005	Veoh
2005	Verizon Fios
2005	VetDepot
2005	Virtual Library of Musicology
2005	Waray Wikipedia
2005	Watching America
2005	Web Services Distributed Management
2005	Web Sudoku
2005	Webcomics Nation
2005	Webkinz
2005	Wego.com
2005	Wesabe
2005	WhatHouse?
2005	WikiBaseball
2005	WikiHow
2005	Wikipedia Review
2005	Williamson Herald
2005	Windows Live
2005	Windows Live Personalized Experience
2005	Wolof Wikipedia
2005	Wookieepedia
2005	WordPress.com
2005	WorldStarHipHop
2005	WriteToThem
2005	Wykop.pl
2005	YY.com
2005	Yahoo 360°
2005	Yahoo Answers
2005	Yellowikis
2005	YouTube
2005	Yuku
2005	Zattoo
2005	Zazzle
2005	ΜTorrent
2006	/mu/
2006	AboutUs.com
2006	Above the Law (website)
2006	AdExtent
2006	Affinity Labs
2006	AfroFoodtv.com
2006	Amazon Prime Video
2006	Amie Street
2006	Aniboom
2006	Anobii
2006	Appropedia
2006	Are You Watching This?!
2006	Askville
2006	Awful Announcing
2006	BBC Jam
2006	Badoo
2006	Baidu Baike
2006	Bakchich (internet)
2006	BeSoccer
2006	Betsafe
2006	Bix (website)
2006	BlogHer
2006	BlogTV
2006	BlogTalkRadio
2006	Blue Hampshire
2006	Blurtit
2006	BookRenter
2006	Booknik
2006	Bossip
2006	Boy Genius Report
2006	Bring Light
2006	Builders Square
2006	Builderscrack.co.nz
2006	BuyTigers.com
2006	BuzzFeed
2006	CBS Innertube
2006	CafeMom
2006	Cake Financial
2006	Capazoo
2006	Captain Copyright
2006	CarGurus
2006	Carbonite, Inc.
2006	CareerStructure.com
2006	Cats That Look Like Hitler!
2006	ChaCha (search engine)
2006	Channel 4 (VoD service)
2006	Chinese Communist Party News Network
2006	Chomikuj.pl
2006	Citizendium
2006	ClaimID
2006	Cleartrip
2006	CoComment
2006	ComicSpace
2006	Compare the Market
2006	Conservapedia
2006	Couric & Co.
2006	Course Hero
2006	Crash the Super Bowl
2006	Crime Expo South Africa
2006	Crnogorska Enciklopedija
2006	Crunchyroll
2006	Curbed
2006	Curse LLC
2006	DailyINK
2006	DailyStrength
2006	DeSmog
2006	Dealsplus
2006	Deathswitch
2006	Debenhams Group
2006	Destructoid
2006	Digital Library of the Caribbean
2006	Digital Trends
2006	Digital Universe
2006	Diplopedia
2006	Disa.ukzn.ac.za
2006	Disaboom
2006	Do512
2006	DoneDeal
2006	Dread Central
2006	Dutch Low Saxon Wikipedia
2006	Eastern Min Wikipedia
2006	Elonet
2006	Encyclopedia of Earth
2006	Encyclopedia of Iranian Architectural History
2006	Eons.com
2006	Eventbrite
2006	ExerciseTV
2006	ExtraTorrent
2006	FT Alphaville
2006	FabSwingers
2006	Fakku
2006	FanHouse
2006	Farecast
2006	Ficlets
2006	Film School Rejects
2006	FlightGlobal
2006	Flightradar24
2006	FloSports
2006	FluTrackers
2006	Formstack
2006	Foter
2006	G.ho.st
2006	G1 (website)
2006	GamerDNA
2006	GamersGate
2006	Geekologie
2006	Gender, Institutions and Development Database
2006	Gigaom
2006	GoFundMe Pro
2006	GoTrump.com
2006	GoldMyne TV
2006	Goodreads
2006	Google Calendar
2006	Google China
2006	Google Docs
2006	Google Finance
2006	Google News Archive
2006	Google Notebook
2006	Google Patents
2006	Google Programmable Search Engine
2006	Google Search Console
2006	Google Translate
2006	Google Trends
2006	Google Workspace
2006	Goozex
2006	Gov.cn
2006	GreenCE
2006	GroundReport
2006	Grub Street (website)
2006	Guerrilla Mail
2006	Gutefrage.net
2006	Habr
2006	Heroes Wiki
2006	Hidden Palace
2006	Historisches Lexikon Bayerns
2006	Hitchwiki
2006	Hollywood Wiretap
2006	HomeStars
2006	Hot Air
2006	HubPages
2006	HungryGoWhere
2006	Hungryhouse
2006	IBT Media
2006	ILike
2006	IMedix
2006	IReport
2006	Ideel
2006	Idolator (website)
2006	Idontwantdowry.com
2006	Ijji
2006	Intelligencer (website)
2006	Intellipedia
2006	Interim Register of Marine and Nonmarine Genera
2006	International Music Score Library Project
2006	Interparliamentary EU Information Exchange
2006	Invisible Oranges
2006	Irrepressible.info
2006	Islam21c
2006	Issuu
2006	IvyGate
2006	JJJJound
2006	JOOBLE
2006	Jaiku
2006	Jenesaispop
2006	Jetcost
2006	JewTube
2006	Jewcy
2006	JustPark
2006	Kissing Suzy Kolber
2006	Kogan.com
2006	Kongregate
2006	Korean Movie Database
2006	Kuruc.info
2006	LXTV
2006	Labourhome
2006	Leboncoin
2006	Liligo.com
2006	Liquipedia
2006	Listen2myradio
2006	LiveLeak
2006	LiveMixtapes
2006	LyricWiki
2006	MMA Junkie
2006	MNopedia
2006	MagicBricks
2006	Mango TV
2006	MeasuringWorth
2006	MediaFire
2006	Meez
2006	MetalSucks
2006	Metapedia
2006	Metavid
2006	Metro Jacksonville
2006	Mister Wong
2006	Mobage
2006	Mobiforge
2006	Momondo
2006	Money Under 30
2006	Mushroom Observer
2006	Musicovery
2006	Muxlim
2006	My Coke Rewards
2006	MyDeathSpace
2006	MyDirtyHobby
2006	MyOutdoorTV
2006	MySupermarket
2006	MyVideo
2006	MyVoucherCodes
2006	Myartspace
2006	Myfreeimplants
2006	NK.pl
2006	Nasty Gal
2006	Naymz
2006	Nefarious Realm
2006	Nestoria
2006	NewsBiscuit
2006	Newsvine
2006	Niconico
2006	North by Northwestern
2006	Nuroa
2006	OLX
2006	OMGPop
2006	OVGuide
2006	Odnoklassniki
2006	One Million Masterpiece
2006	Open Hub
2006	Open Library
2006	OpenDNS
2006	Ouibox
2006	PKR.com
2006	PagBank
2006	PeekYou
2006	PeopleBrowsr
2006	PhilPapers
2006	PhishTank
2006	Pimp My Search
2006	Pimp That Snack
2006	Piperlime
2006	PissedConsumer
2006	PlayStation Network
2006	PodProperty
2006	PopSugar
2006	Pray As You Go
2006	Project Wonderful
2006	Punchbowl, Inc.
2006	Qaym
2006	R/science
2006	Rabwah Times
2006	Radio Free Skaro
2006	Raileurope.co.uk
2006	Raising Children Network
2006	Rare Book Room
2006	RealSelf
2006	RedTube
2006	Redbubble
2006	ReverbNation
2006	Rewire News Group
2006	RiffTrax
2006	Roblox
2006	Rupture (social networking)
2006	Rutube
2006	SB.TV
2006	STOMP (website)
2006	SVT Play
2006	Sahara Reporters
2006	Samogitian Wikipedia
2006	Scholarpedia
2006	Scottish Theatre Forum
2006	Seeking.com
2006	Shopify
2006	SigFig (company)
2006	Sindhi Wikipedia
2006	SlideShare
2006	Smashing Magazine
2006	Smitten Kitchen
2006	Socialite Rank
2006	Softwareload
2006	SongCast Music Distribution
2006	Spaces (social network)
2006	Speedtest.net
2006	Spill.com
2006	Spinner (website)
2006	Spock (website)
2006	Spokeo
2006	Stage6
2006	Stips (website)
2006	StockPickr
2006	Storytel
2006	StreetEasy
2006	Sun Bingo
2006	Superbru
2006	Supernatural Wiki
2006	Swahili Wikipedia
2006	Symphonic Distribution
2006	TV Links
2006	TVer
2006	Tatto Media
2006	Taw9eel
2006	Tesco Direct
2006	The Big Lead
2006	The Farmer's Market
2006	The Future of Things
2006	The Hague Justice Portal
2006	The Neglected Books Page
2006	The Online Citizen
2006	The Roar (website)
2006	The World's Online Festival
2006	The simExchange
2006	Thomas Register
2006	Tistory
2006	Toonami Jetstream
2006	Topsy Labs
2006	Translatewiki.net
2006	Trazzler
2006	Trexy
2006	TrialPay
2006	Triple J Unearthed
2006	Tureng dictionary
2006	Twenga
2006	Twitter, Inc.
2006	Two Circles
2006	Têtes à claques
2006	U17 Comics
2006	Urbanspoon
2006	VBox7
2006	VK (service)
2006	Valleywag
2006	VentureBeat
2006	Via.com
2006	Viagogo
2006	Viewzi
2006	Vox (blogging platform)
2006	Walkit.com
2006	WatZatSong
2006	WatchMojo
2006	Wattpad
2006	Watts Up With That?
2006	Watunes
2006	Weblio
2006	Weblo
2006	Weebly
2006	WeoGeo
2006	Wesleying
2006	WhatCulture
2006	Widgetbox
2006	Wii Shop Channel
2006	WikiEducator
2006	WikiIslam
2006	WikiLeaks
2006	Wikimapia
2006	Wikiversity
2006	Wikivoyage
2006	Will It Blend?
2006	Wix.com
2006	Wowhead
2006	X (social network)
2006	Xobdo.org
2006	Xtube
2006	Yahoo Philippines
2006	Yahoo Screen
2006	Yahoo Tech
2006	Yardbarker
2006	Yatra (company)
2006	Yedda
2006	YouPorn
2006	Youku
2006	Zapak
2006	Zillow
2006	Zippyshare
2006	Zoo.com
2006	ZooBank
2006	Zoopy
2006	Zunafish
2006	Çiçeksepeti
2007	2collab
2007	8coupons
2007	9to5Mac
2007	AcFun
2007	Adcash
2007	Al Arabiya English
2007	All Things Digital
2007	Allkpop
2007	Amazon Fresh
2007	Amazon Vine
2007	Ameba TV
2007	Anime Network Online
2007	Anime on Demand
2007	Art of the Title
2007	Asian American Action Fund
2007	Ask a Manager
2007	Aviasales
2007	Avito.ru
2007	Avvo
2007	BBC Switch
2007	BBC iPlayer
2007	BNO News
2007	Babbel
2007	Babelio
2007	Ballotpedia
2007	Bandcamp
2007	Bandsintown
2007	BarbieGirls.com
2007	Barstool Sports
2007	BayImg
2007	BeenVerified
2007	Begslist.org
2007	Betstar
2007	Biblioteca Digital Puertorriqueña
2007	Big Think
2007	Bitstrips
2007	Blackle
2007	Blekko
2007	Blinkbox Music
2007	Blip.pl
2007	Bonobos (apparel)
2007	BookScouter.com
2007	Botchamania
2007	Breitbart News
2007	Brisbane Times
2007	Business Insider
2007	Business Spectator
2007	Busuu
2007	BuyMyTronics.com
2007	CagePotato
2007	Cam4
2007	Care.com
2007	Caring.com
2007	Causes (company)
2007	Change.org
2007	Check Mii Out Channel
2007	ChemSpider
2007	Chemist Direct
2007	Chess.com
2007	Chronicling America
2007	Circumpolar Health Bibliographic Database
2007	Cobocards
2007	CollegeWeekLive
2007	Colors!
2007	Comedy 23/6
2007	ComiXology
2007	Credit Karma
2007	Critical Metrics
2007	Crosscut.com
2007	Crunchbase
2007	Cut Out + Keep
2007	Darulifta-Deoband.com
2007	Dato Capital
2007	Daylife
2007	De Speld
2007	Deezer
2007	Diabetes Hands Foundation
2007	DipNote
2007	Dipdive
2007	Disclose.tv
2007	Disqus
2007	Distributed Proofreaders Canada
2007	DogsBite.org
2007	DogsBlog.com
2007	Doodle (website)
2007	Dramabeans
2007	Dropbox
2007	Drought.gov
2007	E621 (website)
2007	EToro
2007	Ecomom
2007	Edocr
2007	Elixio
2007	Endless.com
2007	Endomondo LLC
2007	Europe PubMed Central
2007	European Feminist Forum
2007	Evernote
2007	EveryBlock
2007	Everybody Votes Channel
2007	Everything Is Terrible!
2007	Extremaduran Wikipedia
2007	FDD's Long War Journal
2007	FFFFOUND!
2007	Facebook Beacon
2007	Facebook Platform
2007	Faces in Places
2007	FamilySearch Research Wiki
2007	Fanfou
2007	Fashionista (website)
2007	Feedbooks
2007	Felt (website)
2007	FilesTube
2007	FilmCrave
2007	Filmklik
2007	FlipKey
2007	Flipkart
2007	Free Malaysia Today
2007	Freebase (database)
2007	Freerice
2007	FriendFeed
2007	Funny or Die
2007	GMA News Online
2007	GOOG-411
2007	Galaxy Zoo
2007	GameZombie
2007	Gardenology.org
2007	Gbanga
2007	GeekDad
2007	Geekadelphia
2007	Geni.com
2007	GetBack (website)
2007	Gilt Groupe
2007	Glee.com
2007	Glogster
2007	Glottopedia
2007	Godtube
2007	Google Contacts
2007	Google Street View
2007	Gowalla
2007	Graphic.ly
2007	Grooveshark
2007	Gumtree.com.au
2007	HK Film Blog
2007	Hacker News
2007	Hallmark+
2007	HauteLook
2007	Houseful (company)
2007	HowTo.tv
2007	Hulu
2007	Hungarian Spectrum
2007	I Can Has Cheezburger?
2007	IBM Cloud Video
2007	Ibibo
2007	Imedexchange
2007	Indochino
2007	Induna.com
2007	InstantTV
2007	Interactive Fiction Database
2007	Internet Channel
2007	Internet Movie Firearms Database
2007	Investing.com
2007	Islamopedia Online
2007	It Came from Canada Archive
2007	Italki
2007	Ivey League
2007	Ixigo
2007	Jango (website)
2007	Jezebel (website)
2007	Jimdo
2007	Joost
2007	JournoList
2007	Justin.tv
2007	KET ED
2007	Kabyle Wikipedia
2007	Kixeye
2007	Knol
2007	Know Your Meme
2007	Knowledge crystal
2007	Koinup
2007	Kune (software)
2007	Kuvalauta
2007	Language Grid
2007	Liberal Conspiracy
2007	Librusec
2007	LightInTheBox
2007	LinkExpats
2007	Livemocha
2007	LivingSocial
2007	Location View
2007	Lurkmore
2007	MOSH (Nokia)
2007	Mahalo.com
2007	Mamamia (website)
2007	Manhattan Movie Magazine
2007	Marefa
2007	MarineTraffic
2007	Marvel Unlimited
2007	Matches Fashion
2007	Me2day
2007	MeBeam
2007	MediGuard
2007	Mediaset Infinity (Italy)
2007	Microsoft HealthVault
2007	Minutes Before Six
2007	Moviepilot
2007	Mubi (streaming service)
2007	My World@Mail.Ru
2007	MyFootballClub
2007	MyTalk
2007	MyToons
2007	Myngle
2007	Natalie (website)
2007	NeighborCity
2007	Netflix
2007	New Books Network
2007	Newser
2007	Nexus Mods
2007	Njuškalo
2007	Now Play It
2007	OAuth
2007	Occidental Observer
2007	Omnivision Entertainment
2007	One Million Monkeys Typing
2007	OneDrive
2007	OpenLeft
2007	Organization for Transformative Works
2007	Ovi (Nokia)
2007	PEP (website)
2007	Panfu
2007	Passive-Aggressive Notes
2007	Patch Media
2007	Peace and Collaborative Development Network
2007	PeoplePerHour
2007	Photography Is Not a Crime
2007	Pixiv
2007	PolitiFact
2007	Pornhub
2007	Portal de Archivos Españoles
2007	Portfolio.com
2007	Poupéegirl
2007	Project Gutenberg Canada
2007	Project for Awesome
2007	Proteopedia
2007	Proximic by Comscore
2007	Quizlet
2007	RTL+
2007	RationalWiki
2007	Ravelry
2007	Readergirlz
2007	Remodelista
2007	Rent.com.au
2007	RevZilla
2007	Rigveda Wiki
2007	Rock Paper Shotgun
2007	Rozee.pk
2007	Rue89
2007	SFScope
2007	Sarcastic Gamer
2007	School of Everything
2007	SchoolTube
2007	Science Fiction Awards Watch
2007	ScienceNet
2007	ScientificMatch.com
2007	Scitopia
2007	Scribd
2007	ShopJimmy.com
2007	ShowBizCafe.com
2007	SideReel
2007	Skeptical Science
2007	Skimlinks
2007	Skout
2007	Sociological Images
2007	SodaHead.com
2007	Someecards
2007	Songkick
2007	Songza
2007	Sonico.com
2007	SoundCloud
2007	Soup.io
2007	SpeedDate.com
2007	Sporcle
2007	Statista
2007	Study Notes
2007	Super Deluxe
2007	SuperPoke!
2007	Superkoora
2007	Symbaloo
2007	TV Tonight
2007	TV by the Numbers
2007	TVNZ+
2007	TakeLessons
2007	TalkTalk TV Store
2007	TeacherTube
2007	The Anarchist Library
2007	The Daily Mash
2007	The Daily Squib
2007	The Line of Best Fit
2007	The Lowdown (website)
2007	The Mimi & Flo Show
2007	The Monkey Cage (blog)
2007	The Museum of Classic Chicago Television
2007	The Needle Drop
2007	The Nethernet
2007	The NewHouse
2007	The Producer's Perspective
2007	The Psycho Ex-Wife
2007	The Real News Network
2007	The Visual Novel Database
2007	TheTVDB
2007	Tibet Post
2007	Tonton (streaming service)
2007	Total Recut
2007	Trailers from Hell
2007	Trajnimi
2007	Trilulilu
2007	Trusera
2007	Trustpilot
2007	Tumblr
2007	Twine (social network)
2007	U-Next
2007	V2.fi
2007	VBS.tv
2007	Velvetpark
2007	Veropedia
2007	Viaplay
2007	VideoLectures.net
2007	Vimeo Livestream
2007	Vinismo
2007	Vostu
2007	Vukajlija
2007	Vulture (website)
2007	Vyond
2007	Walk Score
2007	Washington Decoded
2007	Watch Shop
2007	WeSeed
2007	WeShow
2007	Weplay
2007	What They Play
2007	What.CD
2007	Where I've Been
2007	Whrrl
2007	WikiAfrica
2007	WikiPilipinas
2007	WikiScanner
2007	WikiVet
2007	Womo
2007	WorldWideScience
2007	XHamster
2007	XVideos
2007	Xively
2007	Xleague.tv
2007	Yahoo Mash
2007	Yahoo Pipes
2007	Young Hollywood
2007	Yr.no
2007	Zaxid.net
2007	Zen Habits
2007	Zino
2007	Zone Militaire
2007	ZoomInfo
2007	Zoome
2007	Zoosk
2007	Zwaggle
2008	1000 Awesome Things
2008	4mations
2008	5 (streaming service)
2008	888 Ladies
2008	888sport
2008	8tracks.com
2008	9gag
2008	Aardvark (search engine)
2008	Academia.edu
2008	Achievement Hunter
2008	Acid3
2008	AdTaily
2008	Airbnb
2008	Akvo Foundation
2008	Al-Sadr Online
2008	AlterGeo
2008	Amazon CloudFront
2008	ArchDaily
2008	Archive of Our Own
2008	ArenaBG
2008	Ask Ontario
2008	Audiotool
2008	BackType
2008	Bayut
2008	Best Gore
2008	BibleGateway
2008	Biographicon
2008	Bitly
2008	Bleacher Report
2008	Book View Café
2008	Broadleaf Commerce
2008	Budgetplaces
2008	BusinessTech
2008	Cake Wrecks
2008	CanadaStays
2008	Celeb Jihad
2008	Channel Awesome
2008	Checkvist
2008	Chictopia
2008	Christian Film Database
2008	CityCaucus.com
2008	Classic Game Room
2008	CleanTechnica
2008	Cleverbot
2008	Club Fonograma
2008	College ACB
2008	CompeteFor
2008	Crimean Tatar Wikipedia
2008	Crispy Gamer
2008	Critical Commons
2008	Cuil
2008	Culture Inside
2008	Dacast
2008	DataMarket
2008	Deletionpedia
2008	Der Postillon
2008	Dictionary of Frequently-Used Taiwanese Taigi
2008	Digiday
2008	DigitalNZ
2008	Ditto Music
2008	DoDTechipedia
2008	Dream11
2008	Dril
2008	DuckDuckGo
2008	Dulwich OnView
2008	EA WorldView
2008	EHealthMe
2008	ERepublik
2008	ESchoolView
2008	EaseMyTrip
2008	Eatyourkimchi
2008	Edmodo
2008	Egyptian Arabic Wikipedia
2008	El Chigüire Bipolar
2008	El Koshary Today
2008	El Paquete Semanal
2008	Encyclopedia of Life
2008	Europeana
2008	Experty.by
2008	Exscientologykids.com
2008	FMyLife
2008	Fail Blog
2008	Faking News
2008	FetLife
2008	FilmOn
2008	First on Mars (website)
2008	FiveThirtyEight
2008	Flipnote Studio
2008	Foodbeast
2008	Foodista.com
2008	Forestle
2008	Forvo
2008	Freedom Hosting
2008	Fringepedia
2008	FromAtoB.com
2008	Frosmo
2008	FunOrb
2008	GOG.com
2008	GWAS catalog
2008	Gays.com
2008	Giant Bomb
2008	GitHub
2008	Glassdoor
2008	Google App Engine
2008	Google Flu Trends
2008	Google Map Maker
2008	Google Moderator
2008	Google Sites
2008	Google for Health
2008	GovLoop
2008	Greater Greater Washington
2008	Green Prophet
2008	Groupon
2008	Guvera
2008	HD share
2008	HDtracks
2008	HTMLGIANT
2008	Help a Reporter Out
2008	HitBliss
2008	HitFix
2008	Hodinkee
2008	Hootsuite
2008	Hover (domain registrar)
2008	Howcast
2008	Hype Machine
2008	IHeartRadio
2008	INaturalist
2008	IPVM
2008	IPredict
2008	ITVX
2008	IVillage UK
2008	Identi.ca
2008	In.com
2008	Indiegogo
2008	Indonesian Atheists
2008	Io9
2008	Jagran Josh
2008	Jinni (search engine)
2008	Juvenation
2008	Kaixin001
2008	Keepapitchinin
2008	KickassTorrents
2008	Kids' WB
2008	Klout
2008	Koprol
2008	KupujemProdajem
2008	Label Engine
2008	Lafonoteca
2008	Latma
2008	Leadel.net
2008	Lego Ideas
2008	Library Genesis
2008	LiveStation
2008	Livedrive
2008	Lookbook.nu
2008	Loqu8
2008	M6+
2008	MBC Shahid
2008	MOBTV
2008	MadBid
2008	MagCloud
2008	Maneno
2008	Mantic Games
2008	Massive open online course
2008	Math Images Project
2008	Max Planck Encyclopedia of Public International Law
2008	Medici.tv
2008	Microsoft Pinpoint
2008	Minno
2008	Mixcloud
2008	MobileMe
2008	Mollom
2008	Moshi Monsters
2008	Motherless (website)
2008	Ms Sparky
2008	Mumbrella
2008	Music Story
2008	MutualArt.com
2008	Muxtape
2008	Muzu.tv
2008	MyRadar
2008	MyVetwork
2008	NYU Local
2008	NZ On Screen
2008	National Preservation
2008	Natural News
2008	Nawmal
2008	Need Supply Co.
2008	NetGalley
2008	Next Big Sound
2008	NinjaVideo
2008	NoiseTrade
2008	NotchUp
2008	Notehall
2008	NurseTV (TV network)
2008	OfficeArrow
2008	OneDrive Groups
2008	OneFootball
2008	OpenCelliD
2008	Openfilm
2008	Paperless Post
2008	Patheos
2008	Pitchero
2008	Pixie Hollow (video game)
2008	Play Rapport
2008	PlayStation Home
2008	Politicker Network
2008	PoliticsHome
2008	Pornokitsch
2008	Postbox (email client)
2008	Posterous
2008	Pricefalls
2008	Prodege
2008	Quamut
2008	Quizzle
2008	R/Art
2008	R/AskReddit
2008	R/anime
2008	RARBG
2008	Rap Rebirth
2008	RateMyCop.com
2008	RecipeBridge
2008	Records of the Parliaments of Scotland
2008	Regator
2008	ReportMyloss.com
2008	ResearchGate
2008	Resonate (company)
2008	Rocket Lawyer
2008	Roku
2008	Ruff&Cut
2008	SCP Foundation
2008	SKYbrary
2008	Satbeams
2008	Scary Mommy
2008	Secoo
2008	Semrush
2008	Shein
2008	Shiba Inu Puppy Cam
2008	Shmoop
2008	ShockHound
2008	Silesian Wikipedia
2008	Sitejabber
2008	Smashwords
2008	SnagFilms
2008	Social Blade
2008	Social media surgery
2008	SpareFoot
2008	Spreecast
2008	St. Louis Beacon
2008	Stack Exchange
2008	Stack Overflow
2008	Starring the Computer
2008	Stuff White People Like
2008	SumZero
2008	Superpedia
2008	Surgisphere
2008	Suvudu
2008	TAPinto
2008	TNW (website)
2008	TSN.ua
2008	TakePart
2008	Talkbiznow
2008	Taobao Shangou
2008	TasteDive
2008	Tasting Table
2008	Telinea
2008	The 405 (magazine)
2008	The Aviation Herald
2008	The Chive
2008	The Cut (publication)
2008	The Daily Beast
2008	The Food Channel
2008	The Grommet
2008	The Indie-Verse
2008	The Malaysian Insider
2008	The National Law Review
2008	The Quietus
2008	The Sam Plenty Cavalcade of Action Show Plus Singing!
2008	The Save Jersey Blog
2008	The Sphere (social network)
2008	The WB
2008	The Western Journal
2008	Thingiverse
2008	This Week in Blackness
2008	Tibet Sun
2008	TinEye
2008	Tmall
2008	Togetherville
2008	TouchArcade
2008	TradeKorea
2008	Tribe of Noise
2008	TroopTube
2008	TrueAchievements
2008	Tulu Wikipedia
2008	TwitPic
2008	TwitterCounter
2008	Twitterature
2008	UNdata
2008	USell
2008	Under30Media
2008	Uproxx
2008	Urtak
2008	Ushahidi
2008	VPNLab
2008	Vera Files
2008	Vinopedia.hr
2008	Vinted
2008	Vipshop
2008	Viva Engage
2008	Vokle
2008	WAtoday
2008	We Heart It
2008	WeMix
2008	WePay
2008	Weardrobe
2008	Web Compatibility Test for Mobile Browsers
2008	Web Therapy
2008	Webicina
2008	Weedmaps
2008	What's The Harm?
2008	WhatDoTheyKnow
2008	WhoSampled
2008	Whole Travel
2008	WikiFeet
2008	WikiTree
2008	Wind Repertory Project
2008	Women in Crime Ink
2008	WonderHowTo
2008	World Atlas of Language Structures
2008	WowOwow
2008	Yahoo 360°
2008	Yahoo Buzz
2008	Yahoo Search BOSS
2008	Yakut Wikipedia
2008	Yebol
2008	Yihaodian
2008	YouVersion
2008	YouthSays
2008	Yummly
2008	Yuuzoo
2008	Zembly
2008	Zimbabwe Telegraph
2008	Zomato
2009	1Point3Acres
2009	34mag
2009	500px
2009	AOL
2009	AOL Seed
2009	Academic Earth
2009	Africa Is a Country
2009	Agropedia
2009	AlternativeTo
2009	Anthony Fantano
2009	ArtBabble
2009	Artizone
2009	Asian Correspondent
2009	Australia Live TV
2009	AyosDito.ph
2009	Ballroom Throwbacks Television
2009	BandPage
2009	Beezid
2009	Beyond the Rack
2009	BigCommerce
2009	Bing Videos
2009	Bing Webmaster Tools
2009	Bleeding Cool
2009	Blippy
2009	Bloomreach
2009	Book Drum
2009	BookArmy
2009	Borderland Beat
2009	Bored Panda
2009	Boticca
2009	Brainly
2009	Brand.com
2009	BusJunction
2009	BuyWithMe
2009	CBS MoneyWatch
2009	CURIE
2009	Campus Reform
2009	Canadian Headstones
2009	CapGeek
2009	CarTrade.com
2009	Cashify
2009	Catchafire
2009	Chatroulette
2009	ChicagoNow
2009	Chromaroma
2009	Clicker.com
2009	Clixtr
2009	Cloudflare
2009	Coke Zero Facial Profiler
2009	Company.com
2009	Comunes Collective
2009	Consensus (website)
2009	CredibleMeds
2009	DASHED
2009	DNAinfo
2009	DailyBooth
2009	Dancing Astronaut
2009	Deadline Hollywood
2009	DealDash
2009	Death Risk Rankings
2009	Depositphotos
2009	Devpost
2009	Dictionary of Sydney
2009	Disney Digital Network
2009	DocumentCloud
2009	Doha News
2009	DramaFever
2009	Dribbble
2009	Dumbemployed
2009	EX.UA
2009	Ecosia
2009	El Mundo Today
2009	EnergySage
2009	Ensogo
2009	ExpressVPN
2009	FUN88
2009	Facebook like button
2009	FanDuel
2009	FanSided
2009	Favstar
2009	Feefighters
2009	FilmOn
2009	Filmow
2009	FindAnyFilm
2009	Flibusta
2009	Flickchart
2009	Food Safety News
2009	Food52
2009	Foot Africa
2009	Fotopedia
2009	Foursquare (company)
2009	Foursquare City Guide
2009	Fox Nation
2009	Free Music Archive
2009	Freelancer.com
2009	Fria Tider
2009	Front Porch Republic
2009	Full Fact
2009	Funimation
2009	Futurity (website)
2009	GRM Daily
2009	Gallifrey Base
2009	Game Classroom
2009	Game Rant
2009	Genius (company)
2009	Gift Card Granny
2009	GirlsDoPorn
2009	GivesMeHope
2009	Golwg360
2009	GoodMorning.com
2009	Google Apps Script
2009	Google Dictionary
2009	Google Fast Flip
2009	Google Fusion Tables
2009	Google Moon
2009	Google Public DNS
2009	Google Sidewiki
2009	Google Street View in Canada
2009	Google Sync
2009	Google URL Shortener
2009	Google.by
2009	Goom Radio
2009	Gosuslugi
2009	Grammarly
2009	Green Man Gaming
2009	H-Pem
2009	Hackteria
2009	HealthyWage
2009	Hollywood Life
2009	Holy Soap
2009	Honk (website)
2009	Houzz
2009	Hunch (website)
2009	Hyperallergic
2009	Imgur
2009	Jade Magnet
2009	Kabbage
2009	Kanaja
2009	KartaView
2009	Kickstarter
2009	Kikar HaShabbat (website)
2009	Kobo Inc.
2009	Kotobank
2009	LB.ua
2009	LGBTQ Nation
2009	LabourList
2009	Lamebook
2009	Left Foot Forward
2009	LessWrong
2009	Let Simon Decide
2009	Listia
2009	Livabl
2009	LiveOne
2009	Lost Lettermen
2009	Maravi Post
2009	MathOverflow
2009	Media Cloud
2009	Mediaite
2009	MicroVentures
2009	Microsoft Bing
2009	Middle East Monitor
2009	Miley Save Fuzzy
2009	Mixcrate
2009	Modelinia
2009	Moontoast
2009	Mother Nature Network
2009	Movie Review Intelligence
2009	Muck Rack
2009	My Phone
2009	MyDaughter
2009	Myhomepage
2009	Naijaloaded
2009	Net News Daily
2009	NewsClick
2009	NewsThump
2009	Newtalk News
2009	North Carolina Digital Heritage Center
2009	Numbeo
2009	Offers.com
2009	Okoban
2009	Omegle
2009	Onlymyhealth
2009	Open Access Tracking Project
2009	Open Government Initiative
2009	OpenEI
2009	OpenGameArt.org
2009	OpenSeaMap
2009	OrderUp
2009	Otalo.com
2009	Pearltrees
2009	PedidosYa
2009	People of Walmart
2009	Personal, Inc.
2009	PetaPixel
2009	Peter Molydeux
2009	Philo (company)
2009	Piazza (web service)
2009	Pikabu
2009	Pinboard (website)
2009	Pl@ntNet
2009	Plane Finder
2009	PlayerScale
2009	PlugShare
2009	Plum District
2009	Political Scrapbook
2009	PoliticusUSA
2009	Pope2you
2009	Posteo
2009	PragerU
2009	Presseurop
2009	Prezi
2009	Proleksis Encyclopedia
2009	PromoJam
2009	Pronoun (publishing platform)
2009	Punjabi Wikipedia
2009	Qaiku
2009	Quartzy
2009	QuiBids.com
2009	Quora
2009	R/Feminism
2009	R/IAmA
2009	R/malefashionadvice
2009	RTS.FM
2009	Radar Online
2009	Radio23
2009	Ranker
2009	RedditGifts
2009	Reebonz
2009	Rent the Runway
2009	Republic.ru
2009	RocketHub
2009	Rotten Tomatoes Movieclips
2009	Rounds (website)
2009	Russian Machine Never Breaks
2009	STV Player
2009	Salem Radio Network
2009	Sciblogs.co.nz
2009	ScoreBig
2009	SeatGeek
2009	Seattle Post Globe
2009	Shit My Dad Says
2009	Shodan (website)
2009	ShoeDazzle
2009	Simfy
2009	SkillSlate
2009	Skoob
2009	Slatest
2009	Slicing Up Eyeballs
2009	Social Media Examiner
2009	Social media use by Donald Trump
2009	Sorani Kurdish Wikipedia
2009	Speedcafe
2009	Spillpikene.no
2009	Spring.me
2009	Sprudge
2009	StartupDigest
2009	Stay LDS / Mormon
2009	Stipple (company)
2009	Summify
2009	SwoopThat.com
2009	TIMvision
2009	TV Pixie
2009	Talenthouse
2009	Tango (American magazine)
2009	TeamBuy
2009	TeuxDeux
2009	Texts From Last Night
2009	Thaifoodmaster
2009	The Arts Desk
2009	The Awl
2009	The Center Square
2009	The Dictionary of Obscure Sorrows
2009	The Incidental Economist
2009	The Kashmir Walla
2009	The Klaxon.com
2009	The Oatmeal
2009	The Palestine Telegraph
2009	The Punch (Australia)
2009	The Rumpus
2009	The Skwawkbox
2009	The Tender
2009	The Texas Tribune
2009	TheFork Australia
2009	TheGrio
2009	TheOfficialBoard
2009	Things Bogans Like
2009	ThisAV
2009	Thumbtack (company)
2009	Tokopedia
2009	Tradepal
2009	Trekiz
2009	Tripping.com
2009	Trove
2009	True/Slant
2009	Trunk Club
2009	Twick.it
2009	UKSCblog
2009	Upserve
2009	VNdroid
2009	Vagaro
2009	Verfassungsblog
2009	Very (online retailer)
2009	Vestiaire Collective
2009	Vevo
2009	ViXra
2009	Wakanim
2009	Walks Around Britain
2009	Waterford Whispers News
2009	We Are Hunted
2009	WeTransfer
2009	Wealth Migrate
2009	Web 2.0 Suicide Machine
2009	Weibo
2009	When in Manila
2009	WikEM
2009	Wikirank.com
2009	WinkBall
2009	Wiwibloggs
2009	WolframAlpha
2009	Wordnik
2009	World Digital Library
2009	World History Encyclopedia
2009	Yahoo Meme
2009	Yardsellr
2009	Yebhi
2009	Yfrog
2009	YinYueTai
2009	Z-Library
2009	Zeldathon
2009	Zero Hedge
2009	Zerocater
2009	Zimbabwe Tribune
2009	Zooniverse
2009	Zulily
2009	Zynga.org
2010	/lit/
2010	1000Memories
2010	24.hu
2010	247Sports
2010	2b2t
2010	ABCmouse
2010	About.me
2010	AliExpress
2010	Alibaba Cloud
2010	All That's Interesting
2010	AllTrails
2010	Another Angry Voice
2010	Apple Books
2010	AreaVibes
2010	Ask Ubuntu
2010	Ask.fm
2010	Audacy
2010	Audimated
2010	Balls.ie
2010	Banglanews24.com
2010	Between the Bars (blog)
2010	BigQuery
2010	Bilibili
2010	BillGuard
2010	Bing Health
2010	Bing Mobile
2010	BlackBoxTV
2010	Blaze Media
2010	Blog del Narco
2010	Bloomberg Law
2010	Bookmate
2010	BranchOut
2010	Brandwatch Qriously
2010	BrowserChoice.eu
2010	Bukalapak
2010	Canvas Networks
2010	CarWoo
2010	Carbon Brief
2010	CashCashPinoy
2010	CgeTV
2010	Cheekd
2010	Chicago Independent Radio Project
2010	Circle Chart
2010	Clicktrans
2010	Cognician
2010	Colossal (blog)
2010	Corridor Digital
2010	Coupang
2010	Cue (search engine)
2010	Datadog
2010	DateMySchool
2010	Diaspora (social network)
2010	Docs.com
2010	DolarToday
2010	EatStreet
2010	EcuRed
2010	Educaplay
2010	El Asira
2010	El Dínamo
2010	Emarat
2010	Fab (website)
2010	Facebook Zero
2010	Feminist Hulk
2010	Fflick
2010	Fiksimini
2010	Fishbrain
2010	FitFinder
2010	Fiverr
2010	FlipMe
2010	FoodPair
2010	France.tv
2010	Freecharge
2010	GEDmatch
2010	Gaana (music streaming service)
2010	GaySurfers.net
2010	Geliyoo
2010	GoFundMe
2010	Gogobot
2010	Google Authenticator
2010	Google Buzz
2010	Google Cloud Print
2010	Google Drawings
2010	Google Person Finder
2010	Goregrish.com
2010	Green Man Gaming
2010	GroupPrice
2010	Groupalia
2010	HBO Go
2010	HTML5test
2010	Historypin
2010	Histrodamus
2010	Holy Mountain (website)
2010	Honolulu Civil Beat
2010	HotelTonight
2010	Humans of New York
2010	Humble Bundle
2010	I Write Like
2010	IQIYI
2010	Ici TOU.TV
2010	Ilbe Storehouse
2010	Indian Memory Project
2010	Instagram
2010	InvestedIn
2010	Inzopa
2010	Is Anyone Up?
2010	Istorychna Pravda
2010	It's Psychedelic Baby! Magazine
2010	Itsmy
2010	J-Comi
2010	Jack'd
2010	Jiepang
2010	Jog.fm
2010	Johnson County Post
2010	Just A Pinch Recipes
2010	KBS News 24
2010	KZBL
2010	Kik (app)
2010	Kinobox
2010	Krrb
2010	Kveller
2010	LESLi
2010	Lakome.com
2010	Lambo Xtra
2010	Lanyrd
2010	Law and the Multiverse
2010	Lawfare (website)
2010	Lendwithcare
2010	Lichess
2010	LinguaLeo
2010	Live Connect
2010	Lolita City
2010	Longform.org
2010	LucyPhone
2010	Magnific
2010	ManageFlitter
2010	Mapbox
2010	MasFlight
2010	Medical Heritage Library
2010	Meituan
2010	Memrise
2010	MinecraftOnline
2010	Mixtape Madness
2010	Mobli
2010	MobyMax
2010	Moegirlpedia
2010	Most Awesomest Thing Ever
2010	Movie TV Tech Geeks
2010	Mp3skull
2010	MuckRock
2010	Mudlark (company)
2010	Munchery
2010	My School
2010	My Windows Phone
2010	MyMFB
2010	NESiCAxLive
2010	NK News
2010	Naked Apartments
2010	NameSilo
2010	Native Appropriations
2010	Nearby
2010	News360
2010	NewsTilt
2010	NewspaperSG
2010	No Man's Art Gallery
2010	NotJustOk
2010	Nowness
2010	NumberFire
2010	OECD iLibrary
2010	ONErpm
2010	OkayAfrica
2010	Old Weather
2010	OnLive
2010	OntheBoards.tv
2010	Openbook (website)
2010	Optimizely
2010	Oracle Cloud
2010	Ostrovok.ru
2010	Palatinate German Wikipedia
2010	Path (social network)
2010	Paytm
2010	Pikimal
2010	Pinterest
2010	Pixabay
2010	Planet Hunters
2010	Planet Soho
2010	PlayStation Video
2010	Podcast Squared
2010	Porn Wikileaks
2010	Private Internet Access
2010	Project Veritas
2010	PubMed Central Canada
2010	Putin Must Go
2010	Qafqazinfo
2010	Qoo10
2010	Quote Investigator
2010	R/nosleep
2010	Radiko
2010	Rakuten TV
2010	Rdio
2010	Readgeek
2010	Reuters Insider
2010	Ricochet (website)
2010	Rock Band Network
2010	RotoGrinders
2010	SNAC
2010	SafeDNS
2010	Saturday Down South
2010	Savukku
2010	ScuttlePad
2010	Secret London
2010	Shabbat.com
2010	Showself
2010	Sky Sports News Radio
2010	Snapdeal
2010	Sofascore
2010	Sprout Social
2010	Storify
2010	Storyful
2010	Strasbourg Observers
2010	Street View Trusted
2010	Students Circle Network
2010	Swappa
2010	T Layout
2010	Tastebuds.fm
2010	TeamBackpack
2010	Tech in Asia
2010	TenPages.com
2010	Tencent Weibo
2010	The Cutting Room Floor (website)
2010	The Daily Caller
2010	The Hairpin
2010	The Journal (Ireland)
2010	The Journalist's Resource
2010	The Milky Way Project
2010	The Noun Project
2010	The Pan-Arabia Enquirer
2010	The Pioneer Trail
2010	The Plant List
2010	The Points Guy
2010	The Scale of the Universe
2010	The School Fund
2010	TheBlaze.com
2010	TheSwizzle.com
2010	Thought Catalog
2010	Thuuz
2010	TicketIQ
2010	TooXclusive
2010	Tout (company)
2010	Travelgenio
2010	Trendyol
2010	Tribun Network
2010	Tvtag
2010	TwitCasting
2010	Udemy
2010	Unsealed World News
2010	UrbanSitter
2010	Videoland (Netherlands)
2010	Votizen
2010	VozMob
2010	WP Engine
2010	WagJag
2010	Warby Parker
2010	WatchESPN
2010	Weather Zombie
2010	Weibo Corporation
2010	WhatCulture
2010	WhoSay
2010	Wikipedia logo
2010	Wind Energy Data & Information Gateway
2010	WooYun
2010	Wowpedia
2010	Xinmsn
2010	YNaija
2010	YouNoodle
2010	YouTube Instant
2010	Zaytung
2010	Ziilch
2010	ZipRecruiter
2010	ZunZuneo
2011	/pol/
2011	47North
2011	90min
2011	ASZdziennik
2011	AWS Elastic Beanstalk
2011	AXS (company)
2011	Adzuna
2011	Aljazeera.com
2011	Amazon Locker
2011	Amen (website)
2011	Anonplus
2011	Anphabe.com
2011	Aparat
2011	Artspace (website)
2011	Audiobook Creation Exchange
2011	Ayı Sözlük
2011	BBC Domesday Reloaded
2011	BKash
2011	BT MyDonate
2011	BTC-e
2011	BTDigg
2011	Baby.com.br
2011	Baker Street Babes
2011	BayFiles
2011	Bedsider
2011	Bing Maps
2011	Blibli
2011	Blockchain.com
2011	Boats Group
2011	Book Riot
2011	Brasil 247
2011	Bridge Michigan
2011	Brit + Co
2011	Broadbent Institute
2011	Bucketfeet
2011	BuggedPlanet
2011	BuzzFeed News
2011	Byju's
2011	CGTrader
2011	CVLT Nation
2011	CarsGuide
2011	Chaturbate
2011	Chewy (company)
2011	Chope (platform)
2011	ChowNow
2011	ClassDojo
2011	CoinWeek
2011	Comics & Cola
2011	Computer Weekly
2011	Craftsy
2011	Crowdcube
2011	Crunchyroll News
2011	Curators of Sweden
2011	DBCult Film Institute
2011	Dalit Camera
2011	Datasheets.com
2011	Dawrat
2011	Dcard
2011	Delitoon
2011	Delivery Hero
2011	Democracy & Freedom Watch
2011	Depop
2011	Desmos
2011	DigitalOcean
2011	Disney Second Screen
2011	Dollar Shave Club
2011	Dolls Kill
2011	Don't Hug Me I'm Scared
2011	Doxbin (darknet)
2011	Doximity
2011	Drumeo
2011	Duolingo
2011	EButterfly
2011	EDreams ODIGEO
2011	EUscreen
2011	EdSurge
2011	Ekō (organization)
2011	Equals6
2011	Equestria Daily
2011	EverQuote
2011	Examine.com
2011	Exaro
2011	Fastly
2011	Fayve
2011	FedRAMP
2011	FileServe
2011	Fimfiction
2011	Find Your FaceMate
2011	Firstpost
2011	Flandrica.be
2011	Fondomat
2011	FreeCast
2011	Fundageek
2011	Funding4Learning
2011	Game-Art-HQ
2011	GeekWire
2011	GeneTalk
2011	Global Fashion Group
2011	GlobalDoodle
2011	Glottolog
2011	Google Arts & Culture
2011	Google Cloud Platform
2011	Google Flights
2011	Google Offers
2011	Google Panda
2011	Google Pay Send
2011	Google Takeout
2011	Google+
2011	Grantland
2011	Grove.io
2011	Gulagu.net
2011	Hatch (e-commerce company)
2011	HelloFresh
2011	HelloGiggles
2011	Holotypic Occlupanid Research Group
2011	How to be a Redhead
2011	Hulu Japan
2011	Hurb
2011	I Believe in Science
2011	I Done This
2011	I Want to Draw a Cat For You
2011	I-Ready
2011	ICloud
2011	IFTTT
2011	IFood
2011	IFunny
2011	IM Creator
2011	IPawn
2011	ITHome (website)
2011	Ibakatv
2011	Indigenous Tweets
2011	InforMEA
2011	Inkblazers
2011	Interaksyon
2011	Irokotv
2011	JManga
2011	KROV-FM
2011	Kaidee
2011	Kawowo Sports
2011	Keek
2011	Kuaishou
2011	L'union Suite
2011	Legal Cheek
2011	Lemino
2011	Lendink
2011	Letterboxd
2011	Liburuklik
2011	Lightbox.com
2011	Litecoin
2011	MarketBeat
2011	Materials Project
2011	Mediakraft Networks
2011	Megogo
2011	Mic (media company)
2011	Minds (social network)
2011	Mogujie
2011	Mojo Motors
2011	Mr. Money Mustache
2011	MySchoolHelp
2011	New 7 Wonders Cities
2011	Nextdoor
2011	Nintendo eShop
2011	NoBudge
2011	NoCopyrightSounds
2011	NoFap
2011	Nollywood Reinvented
2011	Novara Media
2011	Nucleonica
2011	NutritionFacts.org
2011	OVD-Info
2011	OfferUp
2011	Olam.uz
2011	Old Bull Lee
2011	Oneflare
2011	Onepager
2011	OpenCorporates
2011	OpenEdition.org
2011	OrderAhead
2011	OurResearch
2011	OutKick
2011	PROSPERO
2011	Paprika (app)
2011	Pet Circle
2011	PetCloud
2011	PlagTracker
2011	PlainSite
2011	Player FM
2011	Popcornflix
2011	Poshmark
2011	Postmates
2011	Priyo.com
2011	QRpedia
2011	Quackdown
2011	Queens Memory Project
2011	Qunb
2011	Qwiki
2011	R/AskHistorians
2011	R/bald
2011	RTINGS
2011	RTP Play
2011	Raditaz
2011	Rara (service)
2011	Rated R&B
2011	Rebrickable
2011	Red Song Society
2011	Ribbon (company)
2011	Ridus
2011	RockMyRun
2011	Rome2Rio
2011	Rover (American company)
2011	Ruck.us
2011	Rugby Republic
2011	Rukkus.com
2011	SBS On Demand
2011	SGAG
2011	Saveup
2011	Schema.org
2011	Sci-Hub
2011	Scripted (company)
2011	Sefaria
2011	Sheeel
2011	Shop.ca
2011	ShopClues
2011	Shut Up & Sit Down
2011	SignNow
2011	Silk Road (marketplace)
2011	SkillPages
2011	Skillshare
2011	Skyblock
2011	Snap Inc.
2011	Snapchat
2011	So Comic
2011	So.cl
2011	Son of the Bronx
2011	SourceFed Studios
2011	Speedof.me
2011	SpotHero
2011	Stage 32
2011	Sticker (messaging)
2011	Stitch Fix
2011	Storemates
2011	Streetlife (website)
2011	Stuff Dutch People Like
2011	Sumazi
2011	SuperMama
2011	TV Time
2011	TVLine
2011	TamilRockers
2011	Tarzanija
2011	Tencent Video
2011	Tenthwave Digital
2011	The Classical
2011	The College Fix
2011	The Conversation (website)
2011	The Daily Dot
2011	The Daily Meal
2011	The Iconic
2011	The Mary Sue
2011	The Muse (website)
2011	The Online Network
2011	The Public Domain Review
2011	The Real Geeks
2011	The RealReal
2011	The UnReal Times
2011	The Verge
2011	Then and Now (retailer)
2011	Think Africa Press
2011	TickPick
2011	Trajectory Inc.
2011	Travis CI
2011	Treehouse (company)
2011	Trello
2011	Triposo
2011	Trovebox
2011	TubeCrush
2011	Turntable.fm
2011	Tuta (email)
2011	Twitch (service)
2011	Udacity
2011	VHX
2011	Verbling
2011	VidIQ
2011	View-source URI scheme
2011	Vingle (social network)
2011	Virtual Museum of Modern Nigerian Art
2011	Visual.ly
2011	Voyagin
2011	Voyo
2011	VroniPlag Wiki
2011	VyRT
2011	WDYL (search engine)
2011	Wall Street Magnate
2011	We the People (petitioning system)
2011	WeChat
2011	Web platform
2011	What Degree? Which University?
2011	Wimdu
2011	Wirecutter (website)
2011	Wish (company)
2011	Wizarding World Digital
2011	WomenWriteAboutComics
2011	Wonkblog
2011	Workflowy
2011	Worldcrunch
2011	XoJane
2011	Xumo
2011	YIFY
2011	Yahoo Screen
2011	Ylilauta
2011	Yo, Is This Racist?
2011	Yookos
2011	YouCaring
2011	YouNow
2011	Zava
2011	ZeroPC
2011	Zhihu
2011	Zombie Lane
2012	/mlp/
2012	0404 News
2012	1CAK
2012	23snaps
2012	24KZ
2012	AXS Map
2012	Airtasker
2012	Airtime.com
2012	Al-Monitor
2012	All Dead Mormons Are Now Gay
2012	AllSides
2012	Alto Mail
2012	Amazon DynamoDB
2012	Amazon Redshift
2012	Amino (app)
2012	AppLovin
2012	Apple Maps
2012	Archive.today
2012	AskforTask
2012	Astro Go
2012	Audiomack
2012	Ballast (website)
2012	Band (software)
2012	Bangladesh Black Hat Hackers
2012	Bark.com
2012	Becoacht.com
2012	Bitcoin Magazine
2012	Blinkist
2012	Blue Apron
2012	BongaCams
2012	Brideside
2012	Bync
2012	ByteDance
2012	CBC Hamilton
2012	Canopy Labs
2012	Carousell (company)
2012	Channel Frederator Network
2012	Chron.com
2012	Circa News
2012	CloudForge
2012	Cogobuy
2012	ComicsVerse
2012	Companisto
2012	Compare the Market Australia
2012	Congress.gov
2012	Coub
2012	Credible (company)
2012	CubeCraft Games
2012	DIY.org
2012	DTOX
2012	Data.gov.in
2012	Decision Desk HQ
2012	Derpibooru
2012	Dialpad Meetings
2012	Diamondère
2012	Did You Know Gaming?
2012	Digital Post Australia
2012	DistroKid
2012	Docomo Anime Store
2012	Downdetector
2012	DraftKings
2012	Dropmyemail
2012	Duffel Blog
2012	Dumb Ways to Die
2012	EduFocal
2012	El Orden Mundial
2012	Electrek
2012	Eliademy
2012	Endangered Languages Project
2012	Endeavorist
2012	Everyday Africa
2012	Evidence Based Birth
2012	Evntlive
2012	Experiment (website)
2012	Eğitim Bilişim Ağı
2012	FabFurnish
2012	Fake Taxi
2012	Fandalism
2012	Fightland
2012	First We Feast
2012	Flightfox
2012	Foodpanda
2012	Forever (website)
2012	Freshly
2012	Furlenco
2012	Gadget Flow
2012	Game Grumps
2012	Gametime
2012	Gardenista
2012	Ginga Scout
2012	Google Compute Engine
2012	Google Now
2012	Google TV (service)
2012	Google Voice Search
2012	Goteo
2012	Gousto
2012	Gov.uk
2012	Groove Music
2012	Guancha
2012	Handy Technologies
2012	Hawar News Agency
2012	Highlight (application)
2012	Hinge (app)
2012	Hollywood and Swine
2012	Housing.com
2012	HuffPost Live
2012	IDreamBooks
2012	IFLScience
2012	Independent Journal Review
2012	Insidetrak
2012	Instacart
2012	Internet Defense League
2012	Irasutoya
2012	Is Anybody Down?
2012	Jumia
2012	Kamcord
2012	KingFut
2012	KissAnime
2012	Kiwi.com
2012	Knowing Neurons
2012	Knowledge Graph (Google)
2012	Konga.com
2012	Kworb
2012	LADbible Group
2012	Lazada
2012	Le Gorafi
2012	Le Tote
2012	Legit.ng
2012	Lercio
2012	Lost Media Wiki
2012	MTL Blog
2012	Magnet.me
2012	Mawdoo3
2012	Medeo (app)
2012	Medium (website)
2012	MessageMe
2012	Mewe (social media)
2012	Microsoft Movies & TV
2012	Miiverse
2012	Millennial (blog)
2012	Million Short
2012	MintPress News
2012	Monkeybuzz
2012	Multiple Sclerosis Discovery Forum
2012	Muslim Mirror
2012	Mwebantu
2012	My Old Man Said
2012	NOW News
2012	Neon Alley
2012	NeverSeconds
2012	News Deeply
2012	NewsDiffs
2012	Next Avenue
2012	Nintendo Network
2012	Novertur
2012	Now (streaming service)
2012	NowThis
2012	Nukemap
2012	Occupy Democrats
2012	Offbeatr
2012	Open Food Facts
2012	OpenAirplane
2012	Ora TV
2012	Oracle Cloud Enterprise Resource Planning
2012	Orfogrammka
2012	Origin Net
2012	Otus (education)
2012	Outgrow.me
2012	Outlook.com
2012	PCGamesN
2012	PCGamingWiki
2012	PandoDaily
2012	PayPal Honey
2012	Paye ta shnek
2012	Peercoin
2012	Pheed
2012	PicMonkey
2012	Piktochart
2012	Pingit
2012	Plated (meal kits)
2012	Plug.dj
2012	Polygon (website)
2012	Portal e-Cidadania
2012	Powtoon
2012	Psychic Friends Network
2012	PubPeer
2012	Puhutv
2012	QQ Browser
2012	QUIC
2012	Quartz (publication)
2012	Quip (software)
2012	R/dataisbeautiful
2012	R/wallstreetbets
2012	RTMKlik
2012	Radix (company)
2012	Rappler
2012	Rat Chaos
2012	Readly
2012	Realtime Trains
2012	Red Alert Politics
2012	Renegade (media platform)
2012	Rev3Games
2012	Roads & Kingdoms
2012	Roll20
2012	Russian Anonymous Marketplace
2012	S Voice
2012	SAP BTP
2012	SETILive
2012	SSNDOB
2012	Scholastica (company)
2012	Scriptorium (website)
2012	Seed&Spark
2012	Seedrs
2012	Shiftgig
2012	ShiftyLook
2012	ShrekChan
2012	Sketchfab
2012	Skift
2012	SkipTheDishes
2012	SourceFed
2012	Spacehive
2012	Split My Fare
2012	Spuul
2012	Storenvy
2012	Storyhunter
2012	Strikingly
2012	Supper Mario Broth
2012	Swap.com
2012	SwimSwam
2012	Tapas (website)
2012	Tastemade
2012	Tea Party Community
2012	Tehran – Haifa – Tel Aviv
2012	Telasa
2012	Tencent Dajia
2012	Terms of Service; Didn't Read
2012	Texture (app)
2012	The Black Tux
2012	The Daily Currant
2012	The Global Mail
2012	The Hawkeye Initiative
2012	The Kumquat
2012	The Right Stuff (blog)
2012	The Siberian Times
2012	The Spun
2012	The Times of Israel
2012	The Washington Free Beacon
2012	Tinder (app)
2012	Top Level Design
2012	Toutiao
2012	Tracking the Wild
2012	Tracklib
2012	Triller TV
2012	Tripfez Travel
2012	True & Co.
2012	Tuition.io
2012	Tune.pk
2012	Twistys
2012	Twitchy
2012	USAFacts
2012	UglyChristmasSweater.com
2012	UltraViolet (organization)
2012	Uniregistry
2012	Universal Jobmatch
2012	Unpakt
2012	UpCounsel
2012	Upworthy
2012	Urban Ladder
2012	VarageSale
2012	Viddsee
2012	VideoScribe
2012	Wanderu Inc.
2012	Wanelo
2012	Web Application Open Platform Interface
2012	Whisper (app)
2012	Wideo.co
2012	Wikidata
2012	Wikipedia Zero
2012	Wikipediocracy
2012	WindowsWear
2012	YossarianLives
2012	YouTube Original Channel Initiative
2012	Zetland (newspaper)
2012	Zoom (software)
2012	Zumbl
2013	10 (VoD service)
2013	5Pillars
2013	8chan
2013	A Good Movie to Watch
2013	ARA News
2013	ASAP (food delivery)
2013	Affairs Today
2013	Agora (online marketplace)
2013	Animation Digital Network
2013	AppyParking
2013	AthenaPlus
2013	Atlantis (market)
2013	AudioBoom
2013	AudioCulture
2013	Autcraft
2013	Awok
2013	Azure Web Apps
2013	Band (software)
2013	BetterHelp
2013	BetterUp
2013	Bhutan Biodiversity Portal
2013	Biesloaded
2013	BioRxiv
2013	Bitmovin
2013	Blinkit
2013	Bongo BD
2013	Breakfast Network
2013	Brooklyn Visual Heritage
2013	Bulgarian Rock Archives
2013	Bustle (magazine)
2013	CJTM
2013	Camp Mobile
2013	Canaan Creative
2013	Canva
2013	Carmudi
2013	Carvana
2013	Carwow
2013	Chaldal
2013	Chotoonz TV
2013	Cinapse
2013	Clara.io
2013	Click and Boat
2013	Cnyakundi.com
2013	CoinDesk
2013	Coinmarketcap
2013	Compare.com
2013	Croatian Encyclopedia
2013	Crunchyroll Manga
2013	DOWN (app)
2013	Daisuki (website)
2013	Dandin (audio platform)
2013	DeepDotWeb
2013	Deliveroo
2013	Digital Kosovo
2013	Diply
2013	DiscoverCars.com
2013	Dissernet
2013	Distractify
2013	Dogecoin
2013	Dogolachan
2013	DoorDash
2013	Doorman (company)
2013	Dream Market
2013	Dronestagram
2013	EComFuel
2013	EDM.com
2013	Editorialist
2013	Emojipedia
2013	Epic!
2013	Espreso TV
2013	Every Noise at Once
2013	Fabletics
2013	Facebook Graph Search
2013	Favor Delivery
2013	Finanzas Justas
2013	First Look Media
2013	Florida Politics
2013	Founders Online
2013	Foxtel Now
2013	Fumettologica
2013	Funding Tree
2013	Galactic Journey
2013	Gear Gods
2013	Giphy
2013	Gitter
2013	Glints (platform)
2013	Google Hummingbird
2013	Gopuff
2013	Gowalla
2013	Graphika
2013	Guide to Iceland
2013	Gun Violence Archive
2013	Haptik
2013	HealthCare.gov
2013	HerpMapper
2013	Hitbox (service)
2013	Home Chef
2013	Hromadske
2013	Hublished
2013	Huzlers
2013	Hypixel
2013	IMakr
2013	IMbesharam
2013	ITunes Radio
2013	Ideapod
2013	InDrive
2013	Inside Philanthropy
2013	Insurify
2013	Internet.org
2013	Is4oa.org
2013	Itch.io
2013	Ivy League Digital Network
2013	Jim'll Paint It
2013	Jumia Travel
2013	Kahoot!
2013	Kaymu
2013	Kaymu Pakistan
2013	Kentucky Center for Investigative Reporting
2013	Kids in the House
2013	Kiwi Farms
2013	Latvian Public Service Media
2013	LaunchGood
2013	Line Manga
2013	Lingvist
2013	Linus Media Group
2013	Little Dot Studios
2013	Live Law
2013	Magine
2013	Mailfence
2013	Manga Box
2013	Mapillary
2013	Meatspace Chat
2013	Mega (service)
2013	Mercari
2013	Mewatch
2013	Meydan TV
2013	Mineplex
2013	MixBit
2013	Mobsyte
2013	Mr. Man (website)
2013	MyEx.com
2013	MyGwork
2013	MyMiniFactory
2013	MyMusic.com.ng
2013	MyNoise
2013	National Rock Review
2013	Neocities
2013	Netd.com
2013	New Noise Magazine
2013	New Payments Platform
2013	Omio
2013	OnGamers
2013	Ones to Watch
2013	OpenGeofiction
2013	OpenHistoricalMap
2013	OpenLearning
2013	OpenRailwayMap
2013	Oyster (company)
2013	Pasquines
2013	Patreon
2013	Perma.cc
2013	Photofeeler
2013	Pluto TV
2013	Politico
2013	Portfolium
2013	Product Hunt
2013	Proton Mail
2013	Queer Lala Times
2013	Qwant
2013	R/AmItheAsshole
2013	R/GenderCritical
2013	R/antiwork
2013	R/changemyview
2013	Reductress
2013	Registry of Research Data Repositories
2013	Renowned for Sound
2013	Research Square
2013	ReserveBar
2013	Reverb.com
2013	Road.issn.org
2013	Rumble (company)
2013	SMART News Agency
2013	Sad Puppies
2013	School Stream
2013	ScoopWhoop
2013	Seatrade Maritime News
2013	SharingDard
2013	Sheep Marketplace
2013	Showbox.com
2013	Showroom (streaming service)
2013	Skiplagged
2013	Slate Star Codex
2013	Smallpdf.com
2013	SonyLIV
2013	Speech Recognition & Synthesis
2013	Spinnup
2013	Splice (platform)
2013	State (website)
2013	Studio71
2013	Subjekt
2013	Sunrise Calendar
2013	SuperMoney
2013	Swiggy
2013	TVPlayer
2013	TeePublic
2013	Telegram (software)
2013	The Big Smoke (publication)
2013	The Bitter Southerner
2013	The Civilian
2013	The Daily Stormer
2013	The Fashion (website)
2013	The Hive (server)
2013	The Information (website)
2013	The London Economic
2013	The Mysterious Package Company
2013	The People's Voice (internet TV station)
2013	The Toast (website)
2013	Theneeds
2013	Tiqets
2013	Titstare
2013	TodayTix
2013	TouchVision
2013	Trendin
2013	TrustLeaf
2013	UFC Fight Pass
2013	UltimatePoker.com
2013	Unbolted
2013	University of Fashion
2013	Unsplash
2013	Vdio
2013	Vice News
2013	VidAngel
2013	Vine (service)
2013	ViralNova
2013	VirtualRealPorn
2013	Vocativ
2013	Vroom, Inc.
2013	Wait But Why
2013	WalletHub
2013	WebTorrent
2013	Webflow
2013	What3words
2013	Women Film Pioneers Project
2013	World News Daily Report
2013	Wynncraft
2013	Xiaohongshu
2013	Xometry
2013	Yamibuy
2013	Yik Yak
2013	Zerocoin protocol
2013	Zola (company)
2014	14ymedio
2014	1914–1918 Online
2014	AJ+
2014	About You (company)
2014	Abu Ali Express
2014	Adober Studios
2014	Agents of Ishq
2014	Al-Masdar News
2014	Allblk
2014	AlphaBay
2014	Altitude Learning
2014	Amaq News Agency
2014	Animaker
2014	AnimeLab
2014	Apple Pay
2014	Are.na
2014	Asteroid Zoo
2014	Atom Tickets
2014	BBC Radio Explorer
2014	Baby Bundle (app)
2014	Bangla Tribune
2014	Bato (website)
2014	Beats Music
2014	Bitnation
2014	Black Nerd Problems
2014	Blavity
2014	Book of Remembrance for Those Who Fell for Ukraine
2014	Briefly.co.za
2014	Bristlr
2014	Buffalo Chronicle
2014	Bumble
2014	CBS News 24/7
2014	CamSoda
2014	Chalkbeat
2014	Chess24
2014	Claro Música
2014	ClickHole
2014	Clover (mobile app)
2014	CongressEdits
2014	Conservative Review
2014	Crave (streaming service)
2014	CrowdBlue
2014	Cults (3D printing marketplace)
2014	Daily Nous
2014	Dallas Analytics
2014	Dash (cryptocurrency)
2014	DealStreetAsia
2014	Dingit.tv
2014	Discovergreece.com
2014	Disk Detective
2014	Donorbox
2014	Double Toasted
2014	Drama Alert
2014	Dubsmash
2014	Dunzo
2014	El Español
2014	El Líbero
2014	Electric Jukebox
2014	Ello (social network)
2014	Emojli
2014	Eurasmus
2014	European Pravda
2014	European Western Balkans
2014	Eurosender
2014	Everipedia
2014	Every Single Word
2014	Evolution (marketplace)
2014	Facebook Safety Check
2014	Facebook onion address
2014	FilmFreeway
2014	Front Office Sports
2014	Full30
2014	Funzing
2014	Fyuse
2014	GGPoker
2014	Gamurs
2014	GeenPeil
2014	Generation Tux
2014	GhostTunes
2014	GiveSendGo
2014	Global Dossier
2014	Goodfood Market
2014	Goodwall
2014	Google Contributor
2014	Google Fit
2014	Gopili
2014	GotNews
2014	Grain (company)
2014	Grams (search)
2014	Happn
2014	Hello English
2014	Hevria
2014	HomeToGo
2014	Huya Live
2014	IDN Times
2014	IGDB
2014	IZA World of Labor
2014	Idology
2014	Iflix
2014	Inbox by Gmail
2014	Indy100
2014	Inkl
2014	IranWire
2014	JSTOR Daily
2014	JSwipe
2014	Jagonews24.com
2014	JemJem
2014	Jet.com
2014	Jiemian News
2014	KKday
2014	Kakao
2014	Keybase
2014	Khabaristan Times
2014	Kickback (video game platform)
2014	Kiddle (search engine)
2014	Kidoodle.TV
2014	Kmall24
2014	Lapsi.al
2014	Let's Encrypt
2014	Lexbase
2014	Lightbox (service)
2014	Liveuamap
2014	MV-media
2014	Mailbox (email)
2014	ManyVids
2014	Marco Polo (app)
2014	Matrix (protocol)
2014	Mediazona
2014	Meduza
2014	Minibar Delivery
2014	Mississippi Today
2014	Mothership (website)
2014	MovieCode
2014	Movies Anywhere
2014	Music Y
2014	MyGov.in
2014	Mygov.scot
2014	Myrotvorets
2014	Nestpick
2014	Netlify
2014	New Japan Pro-Wrestling World
2014	NewHive
2014	News2Share
2014	NiceHash
2014	Non-fungible token
2014	Nulled
2014	Nutaku
2014	Nyheter Idag
2014	Odyssey (website)
2014	On TV Tonight
2014	OnePath Network
2014	OpenBazaar
2014	Outbreak News Today
2014	Paramount+
2014	People's Archive of Rural India
2014	Pexels
2014	PhysicsOverflow
2014	PlayStation Now
2014	Playpen (website)
2014	Polarr
2014	Politiko (website)
2014	Pono (digital music service)
2014	Post-Trash
2014	Poundit
2014	PredictIt
2014	Presto (streaming company)
2014	Project Zero
2014	Purple Carrot
2014	RaiseMe
2014	Recode
2014	Research.com
2014	Resy
2014	Rolling Stone Country
2014	RoundMe
2014	Russia Insider
2014	Samaritans Radar
2014	Scroll.in
2014	Secret (app)
2014	Secret Flying
2014	ShareTheMeal
2014	Shenma
2014	Shift (MSNBC)
2014	Shift Technologies (online marketplace)
2014	Shipt
2014	Shomi
2014	Shōnen Jump+
2014	Smigin
2014	Smithsonian Transcription Center
2014	Spring (application)
2014	Sputnik (news agency)
2014	Squirrel (personal finance company)
2014	StatMuse
2014	StopFake
2014	Studio FOW
2014	Sunbasket
2014	Swisscows
2014	TGP Europe
2014	Talking Marriage with Ryan Bailey
2014	Task & Purpose
2014	Tenor (website)
2014	The Alternative (online magazine)
2014	The American Independent
2014	The Betoota Advocate
2014	The Daily Signal
2014	The Dodo (website)
2014	The Flow (website)
2014	The Hard Times
2014	The Hub (forum)
2014	The Intercept
2014	The News Minute
2014	The Paper (newspaper)
2014	The Passport Index
2014	The Players' Tribune
2014	The Richie Allen Show
2014	The Shade Room
2014	The Spinoff
2014	The Upshot
2014	The Urbanist
2014	Thundershorts
2014	Tidal (service)
2014	Tock (company)
2014	Tradesports
2014	Tribute (website)
2014	Tubi
2014	Twenty20 Stock Photos
2014	U (streaming service)
2014	UBlock Origin
2014	Uber Eats
2014	University Compare
2014	Urban Company
2014	Utopia (marketplace)
2014	Vidio
2014	Vidme
2014	Vikaspedia
2014	Virtual Museum of Soviet Repression in Belarus
2014	Vivaldi.net
2014	Voat
2014	Vox (website)
2014	WWE Network
2014	Wallapop
2014	WeMall
2014	Whatjobs
2014	Wikileaf
2014	Wikiwand
2014	Wolt
2014	World Intermediary Liability Map
2014	Worthy.com
2014	Wyldfire
2014	Yevropeyska Pravda
2014	Zilzar
2015	A Cloud Guru
2015	ARU TV
2015	Alchemiya
2015	AliMusic
2015	American Herald Tribune
2015	Amuse (music company)
2015	Apple Music
2015	Arre (brand)
2015	Ascend Group
2015	BBC Store
2015	Babestation
2015	Baboom
2015	BandLab
2015	Bangladesh National Portal
2015	BeBee
2015	Beme (app)
2015	Beme (company)
2015	Bilyonaryo
2015	Blankspot
2015	BluTV
2015	Byline Times
2015	CONtv
2015	CTXT
2015	Campaign Zero
2015	CapFriendly
2015	CapX
2015	Capt. Andrew Luck
2015	Carro (online car marketplace)
2015	Carsome
2015	Carspring
2015	Cisco Umbrella
2015	Climate Feedback
2015	ClutchPoints
2015	Conversable
2015	Copyleaks
2015	Create Music Group
2015	CreateTV
2015	Crowd Cow
2015	Crypt TV
2015	CubbySpot
2015	Curiosity Stream
2015	DAZN
2015	Da share z0ne
2015	Dat Boi
2015	Dear Straight People
2015	Decentraleyes
2015	Dexerto
2015	Digital Repository of Ireland
2015	Digital5
2015	Discord
2015	Disney Consumer Products
2015	EPathshala
2015	ET Money
2015	Ennuigi
2015	EurAsia Daily
2015	Evolve Politics
2015	Facebook Instant Articles
2015	Fanseat
2015	Farewill
2015	Fig (company)
2015	Flix Premiere
2015	Foodora
2015	FuboTV
2015	Getir
2015	Gfycat
2015	Globoplay
2015	Glovo
2015	Go90
2015	Google Digital Garage
2015	Google Domains
2015	Google News Lab
2015	Google Photos
2015	Great American Pure Flix
2015	Guazi Used Cars
2015	HBO Now
2015	HKTVMall
2015	HTTP/2
2015	Hamichlol
2015	Happy Returns (company)
2015	Honestbee
2015	Hooked (app)
2015	Hooq
2015	Huijiwiki
2015	Hydra Market
2015	IndiHome
2015	Indiepost
2015	InterPlanetary File System
2015	Internet Video Coding
2015	Inverse (website)
2015	It's Going Down (website)
2015	Jewish Insider
2015	Jones & Blount
2015	Konkani Wikipedia
2015	Kwesé Sports
2015	LBRY
2015	Lead Stories
2015	Lemonade, Inc.
2015	Letgo
2015	Liberty Hangout
2015	Libraries.io
2015	LifeZette
2015	Line TV
2015	Lionsgate+
2015	Literary Hub
2015	LittleThings
2015	Live India
2015	Looke (streaming platform)
2015	Maestro (service)
2015	MasterClass
2015	Maths Pathway
2015	Matrubharti
2015	MeaningCloud
2015	Media Bias/Fact Check
2015	Megalia
2015	Merry Jane
2015	Mindful Chef
2015	Monzo
2015	Mouse Mingle
2015	MusicBee (crowdfunding)
2015	Namuwiki
2015	Narcity Media
2015	Neon (service)
2015	Network for Public Policy Studies
2015	NewsBreak
2015	Nexo Jornal
2015	Noggin (brand)
2015	OWOW Radio
2015	Once (dating platform)
2015	OpenCritic
2015	OpenSky Network
2015	OpenWeb
2015	Openload
2015	OwlCrate
2015	POIZON
2015	PVP Live
2015	Pandlr
2015	Parting.com
2015	Patari (service)
2015	Pathao
2015	PawnHero
2015	PharmEasy
2015	PhonePe
2015	Pickle (app)
2015	Pinduoduo
2015	PlayStation Vue
2015	Poker Central
2015	Potato Parcel
2015	PrizePicks
2015	Puls (company)
2015	Quillette
2015	R/The Donald
2015	Radiate (app)
2015	RaidForums
2015	Rappi
2015	Rat & Boa
2015	Raya (app)
2015	Rebel News
2015	Reuters TV
2015	RingID
2015	Samsung Pay
2015	Samsung TV Plus
2015	Saransh
2015	Semantic Scholar
2015	Servify
2015	ShareChat
2015	SheThePeople
2015	Shopee
2015	Showmax
2015	Shudder (streaming service)
2015	Sky On Demand
2015	Sling TV
2015	Smart Sheriff
2015	Snapask
2015	Soccer Iraq
2015	Soundfly
2015	Source News
2015	South Azerbaijani Wikipedia
2015	SouthFront
2015	Southend News Network
2015	Spark Social
2015	Spectrum (online publication)
2015	Stan (streaming service)
2015	StarWipe
2015	Stat (website)
2015	StayUncle
2015	Steam Spy
2015	Super Deluxe
2015	Symbolab
2015	Taazi
2015	Tahaqaq
2015	The 74
2015	The Canary (website)
2015	The Daily Wire
2015	The Ferret (website)
2015	The Grayzone
2015	The League (app)
2015	The Library of Babel (website)
2015	The Pool (magazine)
2015	The Trace (website)
2015	TinyStep
2015	Tovala
2015	Triller (app)
2015	Triller Inc.
2015	Truebil
2015	Truthfinder
2015	UK Parliament petitions website
2015	Ultrasawt
2015	Unacademy
2015	Vessel (website)
2015	Vinterior
2015	Washingtondigitalnewspapers.org
2015	WeFarm
2015	WeRateDogs
2015	WeSearchr
2015	WebAssembly
2015	Women in Red
2015	Yahoo Maps
2015	Yen.com.gh
2015	YouTube Gaming
2015	YouTube Kids
2015	YouTube Premium
2015	ZeroNet
2015	Zeta (company)
2016	5-Minute Crafts
2016	9Now
2016	Abema
2016	Accelerated Mobile Pages
2016	Actualite.cd
2016	Aftown
2016	AirDine
2016	Amazon Neptune
2016	Andscape
2016	AniWave
2016	Aze (magazine)
2016	Baopals
2016	Bernie Singles
2016	Bioscope (Live TV)
2016	Blim TV
2016	Blue Whale Challenge
2016	BlueVision
2016	Botnik Studios
2016	Brandless
2016	Brasil Paralelo
2016	Builder.ai
2016	CIAYO Comics
2016	CS.Money
2016	Chalo Chatu
2016	Childs Play (website)
2016	Chowbus
2016	ClassBento
2016	Comoto Holdings Inc.
2016	Crypto.com
2016	Davar
2016	Denfaminico Gamer
2016	Denver Guardian
2016	DirecTV Stream
2016	Dork (magazine)
2016	Double Down News
2016	El Nacional (Catalonia)
2016	Emergencybnb
2016	Every Outfit on Sex and the City
2016	FMovies
2016	Faceu
2016	FactorDaily
2016	Fanvue
2016	FilmStruck
2016	Filmatique
2016	Firo (cryptocurrency)
2016	Frinkiac
2016	FunimationNow
2016	Funk (service)
2016	Gab (social network)
2016	GagaOOLala
2016	Global Fishing Watch
2016	Google Cloud Search
2016	Government e Marketplace
2016	Hayu (streaming service)
2016	Heat Street
2016	Hello (social network)
2016	Hidden Palace
2016	Houseparty (app)
2016	Huggle (app)
2016	Humanitix
2016	Imzy
2016	IndependentWrestling.tv
2016	Inside Airbnb
2016	J-Novel Club
2016	Jack's Flight Club
2016	Jamaican Patois Wikipedia
2016	JioTV
2016	Knowledge Engine (search engine)
2016	Kocowa
2016	LIHKG
2016	Letras & Poesía
2016	Lifewire
2016	Lingua Libre
2016	LiquidSky
2016	Litsy
2016	Local Government Information Services
2016	Mangamura
2016	Mangapedia
2016	Maple Match
2016	Mathematically Gifted & Black
2016	McMansion Hell
2016	Microsoft Academic
2016	Microsoft Editor
2016	Miitomo
2016	Millat Times
2016	Mixer (service)
2016	Molotov TV
2016	National Scholarship Portal
2016	Never Again pledge
2016	Night Flight Plus
2016	OKO.press
2016	One Music PH
2016	OnlyFans
2016	Open Syllabus Project
2016	Our.News
2016	Overtime (sports network)
2016	Palmer Report
2016	Peach (social network)
2016	Polygraph.info
2016	Pray.com
2016	Preprints.org
2016	Professor Watchlist
2016	QueerAF
2016	Radio Garden
2016	RaiPlay
2016	Reparations (website)
2016	Sarahah
2016	Seeso
2016	Shpock
2016	SiIvaGunner
2016	Software Heritage
2016	Somali Faces
2016	Spoon Radio
2016	SportsCastr
2016	StoryChopsticks
2016	Strana.ua
2016	Stripchat
2016	Sugarbook
2016	Swiss Policy Research
2016	Tabletopia
2016	Tata Cliq
2016	Tay (chatbot)
2016	The Athletic
2016	The Babylon Bee
2016	The Balance (website)
2016	The Daily Bonnet
2016	The Frontier (website)
2016	The Incline
2016	The Mendocino Voice
2016	The Outline (website)
2016	The Ringer (website)
2016	The Rochdale Herald
2016	The Screening Room
2016	The Sex Factor
2016	The Strategist
2016	The Tempest (media company)
2016	The Theatre Times
2016	TikTok
2016	Triller TV
2016	True Pundit
2016	Truth & Transparency Foundation
2016	Ukrainian Cyber Alliance
2016	Up Media
2016	Urimalsaem
2016	VINwiki
2016	VRV (streaming service)
2016	Vampr
2016	Verywell
2016	Voot
2016	Watcha
2016	WiPay
2016	Wikenigma
2016	Winnie (website)
2016	Womad (website)
2016	Wondery
2016	Yahoo Screen
2016	Yape (payment)
2016	Yellow.ai
2016	Zcash
2016	Zo (chatbot)
2017	1600 Daily
2017	338Canada
2017	5 Calls
2017	6ixBuzz
2017	7plus
2017	ARD Sounds
2017	Accidentally Wes Anderson
2017	Actu.fr
2017	Adopt Me!
2017	African Food Network
2017	Afripods
2017	Alt News
2017	Anime Strike
2017	Atikamekw Wikipedia
2017	Axios (website)
2017	Backyard Worlds
2017	Bellesa
2017	Big Big Channel
2017	Big League Politics
2017	BitChute
2017	Bitcoin Cash
2017	Blender.io
2017	BritBox
2017	British Culture Archive
2017	Cabells' Predatory Reports
2017	Caldron Pool
2017	Cameo (website)
2017	Cardano (blockchain platform)
2017	Club Penguin Rewritten
2017	Comments by Celebs
2017	Common Voice
2017	Co–Star
2017	Crooked Media
2017	Cryptee
2017	D&D Beyond
2017	DLive
2017	DTube
2017	DisneyNow
2017	EarthArXiv
2017	Facebook 3D Posts
2017	Facebook Stories
2017	Facebook Watch
2017	Factba.se
2017	FanCentro
2017	Fanatiz
2017	Foodhub
2017	Futurism (website)
2017	Genesis Market
2017	Gimme Radio
2017	Glitch Productions
2017	Global Wrestling Network
2017	Google Attribution
2017	Google Pay (payment method)
2017	Guilded
2017	Gören Duyan
2017	H. H. Gregg
2017	Hard Drive (website)
2017	Hatreon
2017	Hidive
2017	JSON Feed
2017	Jeremy Renner Official
2017	Journals.openedition.org
2017	Joyn (streaming platform)
2017	Kiwi Campus
2017	Lego Life
2017	Likee
2017	LocalBTV
2017	Logically (company)
2017	MAD Solutions
2017	Made In Cookware
2017	Manga Up!
2017	Messenger Kids
2017	Micro.blog
2017	Monogatary.com
2017	Motorway (brand)
2017	Nation.Cymru
2017	Naver Papago
2017	Neighbor (company)
2017	Nevada Independent
2017	New Urbanist Memes for Transit-Oriented Teens
2017	Newsroom (website)
2017	OGUsers
2017	OKX
2017	OVO (payment service)
2017	OfflineTV
2017	Omniarchive
2017	Ondamedia
2017	Open Encyclopedia of Anthropology
2017	Panorama (Russian satirical website)
2017	Pantaya
2017	Passionflix
2017	Patribotics
2017	Pillowfort
2017	Pincong
2017	Pinoy Seoul
2017	Playlist Studio
2017	Playz
2017	Presearch (search engine)
2017	R/BreadStapledToTrees
2017	R/HaveWeMet
2017	R/place
2017	Registry.Africa
2017	Resett
2017	Resi (company)
2017	Robomart
2017	Samhällsnytt
2017	Slowly (app)
2017	Smash (file transfer service)
2017	Splinter News
2017	Start (streaming service)
2017	Steady (app)
2017	StoneToss (webcomic)
2017	Stop Child Abuse – Trace an Object
2017	Substack
2017	Sugar Pine 7
2017	Sun NXT
2017	Surviv.io
2017	Sweet.tv
2017	Tattle Life
2017	Tbh
2017	The Action Network
2017	The Bell (newspaper)
2017	The Chenab Times
2017	The Informant247
2017	The Kashmiriyat
2017	The Nevada Independent
2017	The Overtake
2017	The Perspective
2017	The Post Millennial
2017	The Pudding
2017	The Roku Channel
2017	TheGamer
2017	ThePrint
2017	Them (magazine)
2017	Thodex
2017	Touch 'n Go eWallet
2017	Trip.com
2017	Txt.fyi
2017	UnHerd
2017	Vcash
2017	Vegas Stats & Information Network
2017	Walking Eagle News
2017	Wausau Pilot and Review
2017	WhiteDate
2017	WhopperCoin
2017	WikiTribune
2017	Wrestle Universe
2017	Xbox Game Pass
2017	Xfinity Flex
2017	Yahoo Inc. (2017–present)
2017	YouTube TV
2017	Zedwap
2018	1.1.1.1
2018	10 daily
2018	ABC News Live
2018	Advantage Archives
2018	AfricArXiv
2018	All Japan Pro Wrestling TV
2018	Artbreeder
2018	BBC Sounds
2018	Bionomia
2018	Blazor
2018	Bot Sentinel
2018	CBS Sports HQ
2018	Caffeine (service)
2018	Can I Play That?
2018	Cazoo
2018	CherryPicks
2018	Circuit City
2018	Civiqs
2018	CompUSA
2018	Convoz
2018	DC Universe (streaming service)
2018	Data Transfer Project
2018	Dread (forum)
2018	ESPN+
2018	Egg (magazine)
2018	Epic Games Store
2018	Everyday Pakistan
2018	FactGrid
2018	G123
2018	Google Wallet
2018	Gothamist
2018	HTTP/3
2018	HateAid
2018	Honor Club
2018	Inkstone News
2018	Invidious
2018	Italic (company)
2018	Kayo Sports
2018	Kumu (social network)
2018	Lezzoo
2018	Lingopie
2018	Locast
2018	Lysn
2018	Main Media
2018	MangaDex
2018	Microsoft Dynamics
2018	Microsoft Learn
2018	Moomoo (company)
2018	Moonbug Entertainment
2018	MrDeepFakes
2018	MyLondon
2018	Naver Vibe
2018	NewsGuard
2018	Nintendo Switch Online
2018	Noclip.website
2018	Nym Technologies
2018	OceanofPDF
2018	Parler
2018	Petro (token)
2018	Picrew
2018	Pincong
2018	Proekt
2018	Quibi
2018	Rising (web series)
2018	Robot Cache
2018	Samokat
2018	Sanctioned Suicide
2018	Santali Wikipedia
2018	Sharesome
2018	Sniffies
2018	StreamYard
2018	Surfshark VPN
2018	Switter
2018	TasteAtlas
2018	The Bulwark (website)
2018	The Curb (website)
2018	The Doha Historical Dictionary of Arabic
2018	The Fauxy
2018	The Roys Report
2018	Timberwolves Brasil
2018	Tribunal del Pueblo
2018	Unam Wiki
2018	Unfold (app)
2018	VeVe
2018	Vidgo
2018	Vkgy
2018	ZEE5
2018	Zeus Network
2019	'Tis Time for "Torture," Princess
2019	1inch
2019	A group where we all pretend to be boomers
2019	ATA Football
2019	Amazon DocumentDB
2019	Amazon Freevee
2019	Apple TV (streaming service)
2019	ArtButMakeItSports
2019	Aseel (platform)
2019	Avenga
2019	Avenue (store)
2019	BET+
2019	Balinese Wikipedia
2019	Blaze.com
2019	Boardroom (company)
2019	Border Report
2019	Boystown (website)
2019	Buttercup Festival
2019	Can You Pet the Dog?
2019	Chained Soldier
2019	Chirp (service)
2019	Cobra (manga)
2019	Cognilize
2019	Core (video game)
2019	Courier Newsroom
2019	Crossdressing Pandemic
2019	Declassified UK
2019	Demiplane (company)
2019	Disney Deluxe
2019	Disney+
2019	Dispo
2019	Doxbin (clearnet)
2019	Dude With Sign
2019	ETV Win
2019	Established Titles
2019	Fangs (webtoon)
2019	Frndly TV
2019	Ganbare Doukichan
2019	Gapo
2019	GeeXPlus
2019	Gemini (protocol)
2019	Glean Technologies
2019	GolfTV
2019	Google Question Hub
2019	Google Travel
2019	Gript
2019	HKChronicles
2019	HKmap.live
2019	Headway (app)
2019	Hive Social
2019	Hokkaido Gals Are Super Adorable!
2019	Hong Kong Feature
2019	Hopin (company)
2019	Hyperskill
2019	I Think I Turned My Childhood Friend into a Girl
2019	ImmuniWeb
2019	JioMart
2019	Latinus (news portal)
2019	Lex (app)
2019	Lexico
2019	Look Around (Apple)
2019	Luscii
2019	MC Championship
2019	Manga Plus
2019	Marvel × Shōnen Jump+ Super Collaboration
2019	Means (company)
2019	Metric Media
2019	Minecraft Monday
2019	MinnMax
2019	Misbar
2019	Model Media
2019	Mola (streaming service)
2019	Mysterious Disappearances
2019	NBC LX Home
2019	NBC News Now
2019	Nagad
2019	National File
2019	Nick+
2019	Nitter
2019	No Longer Allowed in Another World
2019	NordLocker
2019	Ogelle
2019	OneSoccer
2019	Puffer (research study)
2019	Quince (company)
2019	Quinn (app)
2019	RAIC Labs
2019	Ramp (company)
2019	Religion Unplugged
2019	Roboflow
2019	Ruck.us
2019	Senpai Is an Otokonoko
2019	Sovetskaya Belorussiya (Telegram channel)
2019	Spy × Family
2019	StackTV
2019	Stirr
2019	Strange Planet (webcomic)
2019	TNA+
2019	Tehama Inc.
2019	The 19th Medical Chart
2019	The Backrooms
2019	The Dispatch
2019	The Fix Media
2019	The Garden (animated series)
2019	The StoryGraph
2019	Third Shift Society
2019	Toffee (streaming service)
2019	Tonplein
2019	Trust Café
2019	Unpacked (website)
2019	Viavii
2019	Video Games Chronicle
2019	Virtual Police Station
2019	Volfefe index
2019	Vx-underground
2019	Wavve
2019	Weverse
2019	White House Market
2019	Wikilala
2019	Windows96.net
2019	Yesim
2019	Yippee TV
2019	Z Holdings
2020	15.ai
2020	A Starting Point
2020	AMC+
2020	Aha (streaming service)
2020	American Futurist
2020	ApartmentAdvisor
2020	Archetyp Market
2020	Bangla Sahayata Kendra
2020	Barça TV+
2020	BeReal
2020	Big Hairy Network
2020	Binge (Bangladeshi streaming service)
2020	Binge (streaming service)
2020	Blast TV
2020	Blockeley
2020	Bookshop (company)
2020	BreakThrough News
2020	Breeze (app)
2020	Build the Earth
2020	Bulletin (online newspaper)
2020	COVID Tracking Project
2020	Captions (app)
2020	Clapper (service)
2020	Clubhouse (app)
2020	Congresstrading.com
2020	Coronavirus Tech Handbook
2020	Coupang Play
2020	Covid Act Now
2020	Dear White Staffers
2020	Defector Media
2020	Diia
2020	Dimers
2020	Dream SMP
2020	Dreams (video game)
2020	Dressbarn
2020	FX on Hulu
2020	FakeReporter
2020	Fanfix
2020	Gorillas (company)
2020	HBO Max
2020	Hey (email service)
2020	Huddles (app)
2020	INDIAai
2020	IStories
2020	Just Women's Sports
2020	Kapamilya Online Live
2020	Koo (social network)
2020	Lego World Builder
2020	Lemon8
2020	Manta (platform)
2020	Mozilla VPN
2020	NHK+
2020	Nookazon
2020	Nostr
2020	Oak National Academy
2020	Odysee
2020	Ovarit
2020	Pacaso
2020	Peacock (streaming service)
2020	Pearpop
2020	Perfectly Imperfect (platform)
2020	Pirate Wires
2020	Real Raw News
2020	Remento
2020	RiverTV
2020	Rumor Scanner Bangladesh
2020	Salish Current
2020	Salto (streaming service)
2020	Shiba Inu (cryptocurrency)
2020	Smash (app)
2020	SpaceHey
2020	State Navigate
2020	TVING
2020	Telasa
2020	The 19th
2020	The Exposé
2020	The Lever
2020	The Poolrooms
2020	The Uncensored Library
2020	TheCityCeleb
2020	There I Ruined It
2020	Top Charts Africa
2020	TramwayPath
2020	Turing College (edtech company)
2020	Underdog Fantasy Sports
2020	Upstream PH
2020	VENN
2020	Vetster
2020	Visegrád 24
2020	Vision+
2020	Waitroom
2020	Wimkin
2020	YouTube Shorts
